BNAME,Date(GMT),Lat,Lon
BUOY_14,15-3-2014,79.1364,23.9948
BUOY_14,15-3-2014 00:15:00,79.1364,23.9936
BUOY_14,15-3-2014 00:30:00,79.1362,23.9918
BUOY_14,15-3-2014 00:45:00,79.136,23.99
BUOY_14,15-3-2014 01:00:00,79.1358,23.9882
BUOY_14,15-3-2014 01:15:00,79.1356,23.9866
BUOY_14,15-3-2014 01:30:00,79.1356,23.9848
BUOY_14,15-3-2014 01:45:00,79.1352,23.9826
BUOY_14,15-3-2014 02:00:00,79.135,23.9798
BUOY_14,15-3-2014 02:15:00,79.1348,23.9774
BUOY_14,15-3-2014 02:30:00,79.1346,23.9744
BUOY_14,15-3-2014 02:45:00,79.1344,23.9714
BUOY_14,15-3-2014 03:00:00,79.1342,23.968
BUOY_14,15-3-2014 03:15:00,79.134,23.9652
BUOY_14,15-3-2014 03:30:00,79.1338,23.9614
BUOY_14,15-3-2014 03:45:00,79.1334,23.9568
BUOY_14,15-3-2014 04:00:00,79.1332,23.9516
BUOY_14,15-3-2014 04:15:00,79.133,23.9456
BUOY_14,15-3-2014 04:30:00,79.1328,23.9396
BUOY_14,15-3-2014 04:45:00,79.1326,23.9334
BUOY_14,15-3-2014 05:00:00,79.1324,23.9272
BUOY_14,15-3-2014 05:15:00,79.132,23.9214
BUOY_14,15-3-2014 05:30:00,79.1318,23.9158
BUOY_14,15-3-2014 05:45:00,79.1316,23.9102
BUOY_14,15-3-2014 06:00:00,79.1314,23.9056
BUOY_14,15-3-2014 06:15:00,79.1312,23.901
BUOY_14,15-3-2014 06:30:00,79.131,23.8974
BUOY_14,15-3-2014 06:45:00,79.1308,23.895
BUOY_14,15-3-2014 07:00:00,79.1308,23.8922
BUOY_14,15-3-2014 07:15:00,79.1306,23.8896
BUOY_14,15-3-2014 07:30:00,79.1306,23.8872
BUOY_14,15-3-2014 07:45:00,79.1304,23.8854
BUOY_14,15-3-2014 08:00:00,79.1304,23.8836
BUOY_14,15-3-2014 08:15:00,79.1304,23.8824
BUOY_14,15-3-2014 08:30:00,79.1304,23.8812
BUOY_14,15-3-2014 08:45:00,79.1306,23.8796
BUOY_14,15-3-2014 09:00:00,79.1306,23.878
BUOY_14,15-3-2014 09:15:00,79.1304,23.8766
BUOY_14,15-3-2014 09:30:00,79.1304,23.8754
BUOY_14,15-3-2014 09:45:00,79.1304,23.8746
BUOY_14,15-3-2014 10:00:00,79.1304,23.874
BUOY_14,15-3-2014 10:15:00,79.1302,23.8734
BUOY_14,15-3-2014 10:30:00,79.1302,23.8732
BUOY_14,15-3-2014 10:45:00,79.1302,23.8728
BUOY_14,15-3-2014 11:00:00,79.1302,23.8728
BUOY_14,15-3-2014 11:15:00,79.1302,23.8728
BUOY_14,15-3-2014 11:30:00,79.1302,23.873
BUOY_14,15-3-2014 11:45:00,79.1302,23.8732
BUOY_14,15-3-2014 12:00:00,79.1302,23.8736
BUOY_14,15-3-2014 12:15:00,79.1302,23.874
BUOY_14,15-3-2014 12:30:00,79.13,23.8744
BUOY_14,15-3-2014 12:45:00,79.13,23.8748
BUOY_14,15-3-2014 13:00:00,79.1298,23.8752
BUOY_14,15-3-2014 13:15:00,79.1296,23.8754
BUOY_14,15-3-2014 13:30:00,79.1294,23.8758
BUOY_14,15-3-2014 13:45:00,79.1294,23.8752
BUOY_14,15-3-2014 14:00:00,79.1292,23.8742
BUOY_14,15-3-2014 14:15:00,79.129,23.8726
BUOY_14,15-3-2014 14:30:00,79.1288,23.8704
BUOY_14,15-3-2014 14:45:00,79.1288,23.8676
BUOY_14,15-3-2014 15:00:00,79.1286,23.865
BUOY_14,15-3-2014 15:15:00,79.1282,23.8614
BUOY_14,15-3-2014 15:30:00,79.128,23.8572
BUOY_14,15-3-2014 15:45:00,79.1276,23.8524
BUOY_14,15-3-2014 16:00:00,79.1274,23.8474
BUOY_14,15-3-2014 16:15:00,79.1272,23.842
BUOY_14,15-3-2014 16:30:00,79.127,23.8362
BUOY_14,15-3-2014 16:45:00,79.1268,23.8298
BUOY_14,15-3-2014 17:00:00,79.1266,23.8236
BUOY_14,15-3-2014 17:15:00,79.1262,23.8176
BUOY_14,15-3-2014 17:30:00,79.126,23.8128
BUOY_14,15-3-2014 17:45:00,79.1258,23.8082
BUOY_14,15-3-2014 18:00:00,79.1256,23.8036
BUOY_14,15-3-2014 18:15:00,79.1256,23.7992
BUOY_14,15-3-2014 18:30:00,79.1254,23.7942
BUOY_14,15-3-2014 18:45:00,79.1252,23.7894
BUOY_14,15-3-2014 19:00:00,79.1252,23.7846
BUOY_14,15-3-2014 19:15:00,79.1252,23.78
BUOY_14,15-3-2014 19:30:00,79.1254,23.7758
BUOY_14,15-3-2014 19:45:00,79.1254,23.7718
BUOY_14,15-3-2014 20:00:00,79.1256,23.7682
BUOY_14,15-3-2014 20:15:00,79.1258,23.765
BUOY_14,15-3-2014 20:30:00,79.1262,23.7622
BUOY_14,15-3-2014 20:45:00,79.1264,23.76
BUOY_14,15-3-2014 21:00:00,79.1266,23.7578
BUOY_14,15-3-2014 21:15:00,79.1268,23.756
BUOY_14,15-3-2014 21:30:00,79.127,23.7548
BUOY_14,15-3-2014 21:45:00,79.1272,23.7542
BUOY_14,15-3-2014 22:00:00,79.1272,23.7538
BUOY_14,15-3-2014 22:15:00,79.1274,23.7538
BUOY_14,15-3-2014 22:30:00,79.1274,23.7542
BUOY_14,15-3-2014 22:45:00,79.1276,23.7548
BUOY_14,15-3-2014 23:00:00,79.1276,23.7548
BUOY_14,15-3-2014 23:15:00,79.1278,23.7552
BUOY_14,15-3-2014 23:30:00,79.1278,23.7556
BUOY_14,15-3-2014 23:45:00,79.128,23.7562
BUOY_14,16-3-2014,79.128,23.7568
BUOY_14,16-3-2014 00:15:00,79.128,23.7574
BUOY_14,16-3-2014 00:30:00,79.128,23.7576
BUOY_14,16-3-2014 00:45:00,79.128,23.7578
BUOY_14,16-3-2014 01:00:00,79.128,23.7582
BUOY_14,16-3-2014 01:15:00,79.128,23.7582
BUOY_14,16-3-2014 01:30:00,79.1278,23.7582
BUOY_14,16-3-2014 01:45:00,79.1278,23.7584
BUOY_14,16-3-2014 02:00:00,79.1276,23.758
BUOY_14,16-3-2014 02:15:00,79.1276,23.7568
BUOY_14,16-3-2014 02:30:00,79.1274,23.7556
BUOY_14,16-3-2014 02:45:00,79.1272,23.7542
BUOY_14,16-3-2014 03:00:00,79.127,23.753
BUOY_14,16-3-2014 03:15:00,79.1268,23.751
BUOY_14,16-3-2014 03:30:00,79.1266,23.7484
BUOY_14,16-3-2014 03:45:00,79.1262,23.7454
BUOY_14,16-3-2014 04:00:00,79.126,23.7424
BUOY_14,16-3-2014 04:15:00,79.1256,23.739
BUOY_14,16-3-2014 04:30:00,79.1252,23.7354
BUOY_14,16-3-2014 04:45:00,79.1248,23.7312
BUOY_14,16-3-2014 05:00:00,79.1244,23.7272
BUOY_14,16-3-2014 05:15:00,79.124,23.7226
BUOY_14,16-3-2014 05:30:00,79.1236,23.7182
BUOY_14,16-3-2014 05:45:00,79.1232,23.7136
BUOY_14,16-3-2014 06:00:00,79.1226,23.7092
BUOY_14,16-3-2014 06:15:00,79.1224,23.7048
BUOY_14,16-3-2014 06:30:00,79.122,23.701
BUOY_14,16-3-2014 06:45:00,79.1216,23.697
BUOY_14,16-3-2014 07:00:00,79.1214,23.6934
BUOY_14,16-3-2014 07:15:00,79.1212,23.69
BUOY_14,16-3-2014 07:30:00,79.1212,23.6866
BUOY_14,16-3-2014 07:45:00,79.121,23.6838
BUOY_14,16-3-2014 08:00:00,79.121,23.6812
BUOY_14,16-3-2014 08:15:00,79.121,23.679
BUOY_14,16-3-2014 08:30:00,79.121,23.6772
BUOY_14,16-3-2014 08:45:00,79.121,23.6758
BUOY_14,16-3-2014 09:00:00,79.1212,23.6746
BUOY_14,16-3-2014 09:15:00,79.1212,23.6736
BUOY_14,16-3-2014 09:30:00,79.1214,23.6728
BUOY_14,16-3-2014 09:45:00,79.1216,23.6724
BUOY_14,16-3-2014 10:00:00,79.1216,23.6722
BUOY_14,16-3-2014 10:15:00,79.1218,23.6722
BUOY_14,16-3-2014 10:30:00,79.122,23.6724
BUOY_14,16-3-2014 10:45:00,79.1222,23.673
BUOY_14,16-3-2014 11:00:00,79.1224,23.674
BUOY_14,16-3-2014 11:15:00,79.1226,23.675
BUOY_14,16-3-2014 11:30:00,79.1226,23.6758
BUOY_14,16-3-2014 11:45:00,79.1226,23.677
BUOY_14,16-3-2014 12:00:00,79.1226,23.6778
BUOY_14,16-3-2014 12:15:00,79.1226,23.679
BUOY_14,16-3-2014 12:30:00,79.1222,23.6798
BUOY_14,16-3-2014 12:45:00,79.122,23.6808
BUOY_14,16-3-2014 13:00:00,79.1216,23.6818
BUOY_14,16-3-2014 13:15:00,79.1212,23.6826
BUOY_14,16-3-2014 13:30:00,79.1206,23.6832
BUOY_14,16-3-2014 13:45:00,79.12,23.6836
BUOY_14,16-3-2014 14:00:00,79.1192,23.6838
BUOY_14,16-3-2014 14:15:00,79.1182,23.684
BUOY_14,16-3-2014 14:30:00,79.1172,23.6838
BUOY_14,16-3-2014 14:45:00,79.1162,23.6834
BUOY_14,16-3-2014 15:00:00,79.1152,23.6824
BUOY_14,16-3-2014 15:15:00,79.1142,23.6808
BUOY_14,16-3-2014 15:30:00,79.113,23.6788
BUOY_14,16-3-2014 15:45:00,79.112,23.6762
BUOY_14,16-3-2014 16:00:00,79.1108,23.6732
BUOY_14,16-3-2014 16:15:00,79.1094,23.6698
BUOY_14,16-3-2014 16:30:00,79.1084,23.6664
BUOY_14,16-3-2014 16:45:00,79.1072,23.6624
BUOY_14,16-3-2014 17:00:00,79.106,23.6582
BUOY_14,16-3-2014 17:15:00,79.105,23.6538
BUOY_14,16-3-2014 17:30:00,79.1038,23.649
BUOY_14,16-3-2014 17:45:00,79.1028,23.644
BUOY_14,16-3-2014 18:00:00,79.1016,23.6386
BUOY_14,16-3-2014 18:15:00,79.1004,23.633
BUOY_14,16-3-2014 18:30:00,79.0994,23.6274
BUOY_14,16-3-2014 18:45:00,79.0984,23.6216
BUOY_14,16-3-2014 19:00:00,79.0974,23.616
BUOY_14,16-3-2014 19:15:00,79.0966,23.6108
BUOY_14,16-3-2014 19:30:00,79.0958,23.606
BUOY_14,16-3-2014 19:45:00,79.0948,23.6014
BUOY_14,16-3-2014 20:00:00,79.094,23.5974
BUOY_14,16-3-2014 20:15:00,79.0934,23.594
BUOY_14,16-3-2014 20:30:00,79.0926,23.5912
BUOY_14,16-3-2014 20:45:00,79.0918,23.5888
BUOY_14,16-3-2014 21:00:00,79.091,23.5866
BUOY_14,16-3-2014 21:15:00,79.0902,23.5852
BUOY_14,16-3-2014 21:30:00,79.0896,23.5844
BUOY_14,16-3-2014 21:45:00,79.0888,23.5842
BUOY_14,16-3-2014 22:00:00,79.0878,23.5844
BUOY_14,16-3-2014 22:15:00,79.087,23.5848
BUOY_14,16-3-2014 22:30:00,79.0862,23.585
BUOY_14,16-3-2014 22:45:00,79.0852,23.5858
BUOY_14,16-3-2014 23:00:00,79.0842,23.5866
BUOY_14,16-3-2014 23:15:00,79.0832,23.5876
BUOY_14,16-3-2014 23:30:00,79.0822,23.5888
BUOY_14,16-3-2014 23:45:00,79.0808,23.5902
BUOY_14,17-3-2014,79.0796,23.5916
BUOY_14,17-3-2014 00:15:00,79.0782,23.593
BUOY_14,17-3-2014 00:30:00,79.0766,23.5944
BUOY_14,17-3-2014 00:45:00,79.0748,23.5958
BUOY_14,17-3-2014 01:00:00,79.073,23.5978
BUOY_14,17-3-2014 01:15:00,79.071,23.5998
BUOY_14,17-3-2014 01:30:00,79.0688,23.6014
BUOY_14,17-3-2014 01:45:00,79.0664,23.603
BUOY_14,17-3-2014 02:00:00,79.0638,23.605
BUOY_14,17-3-2014 02:15:00,79.0612,23.6066
BUOY_14,17-3-2014 02:30:00,79.0584,23.6084
BUOY_14,17-3-2014 02:45:00,79.0556,23.6104
BUOY_14,17-3-2014 03:00:00,79.0526,23.613
BUOY_14,17-3-2014 03:15:00,79.0494,23.6158
BUOY_14,17-3-2014 03:30:00,79.0462,23.6172
BUOY_14,17-3-2014 03:45:00,79.0428,23.6174
BUOY_14,17-3-2014 04:00:00,79.0396,23.6174
BUOY_14,17-3-2014 04:15:00,79.0362,23.6176
BUOY_14,17-3-2014 04:30:00,79.0328,23.6172
BUOY_14,17-3-2014 04:45:00,79.0294,23.6158
BUOY_14,17-3-2014 05:00:00,79.0258,23.6134
BUOY_14,17-3-2014 05:15:00,79.0222,23.61
BUOY_14,17-3-2014 05:30:00,79.0186,23.6068
BUOY_14,17-3-2014 05:45:00,79.015,23.6036
BUOY_14,17-3-2014 06:00:00,79.0116,23.6006
BUOY_14,17-3-2014 06:15:00,79.0084,23.5972
BUOY_14,17-3-2014 06:30:00,79.005,23.5936
BUOY_14,17-3-2014 06:45:00,79.0014,23.5904
BUOY_14,17-3-2014 07:00:00,78.998,23.5878
BUOY_14,17-3-2014 07:15:00,78.9942,23.5846
BUOY_14,17-3-2014 07:30:00,78.9908,23.5812
BUOY_14,17-3-2014 07:45:00,78.9876,23.5788
BUOY_14,17-3-2014 08:00:00,78.9846,23.576
BUOY_14,17-3-2014 08:15:00,78.9816,23.5732
BUOY_14,17-3-2014 08:30:00,78.979,23.5702
BUOY_14,17-3-2014 08:45:00,78.9762,23.567
BUOY_14,17-3-2014 09:00:00,78.9734,23.5648
BUOY_14,17-3-2014 09:15:00,78.9708,23.5624
BUOY_14,17-3-2014 09:30:00,78.968,23.56
BUOY_14,17-3-2014 09:45:00,78.9654,23.5586
BUOY_14,17-3-2014 10:00:00,78.9626,23.5572
BUOY_14,17-3-2014 10:15:00,78.96,23.5554
BUOY_14,17-3-2014 10:30:00,78.9574,23.5542
BUOY_14,17-3-2014 10:45:00,78.9548,23.5542
BUOY_14,17-3-2014 11:00:00,78.952,23.5554
BUOY_14,17-3-2014 11:15:00,78.949,23.5568
BUOY_14,17-3-2014 11:30:00,78.946,23.558
BUOY_14,17-3-2014 11:45:00,78.9428,23.5596
BUOY_14,17-3-2014 12:00:00,78.9398,23.5604
BUOY_14,17-3-2014 12:15:00,78.9366,23.5614
BUOY_14,17-3-2014 12:30:00,78.9336,23.5624
BUOY_14,17-3-2014 12:45:00,78.9304,23.5632
BUOY_14,17-3-2014 13:00:00,78.9272,23.564
BUOY_14,17-3-2014 13:15:00,78.9238,23.565
BUOY_14,17-3-2014 13:30:00,78.9204,23.566
BUOY_14,17-3-2014 13:45:00,78.9166,23.5688
BUOY_14,17-3-2014 14:00:00,78.9128,23.572
BUOY_14,17-3-2014 14:15:00,78.9086,23.5756
BUOY_14,17-3-2014 14:30:00,78.9046,23.579
BUOY_14,17-3-2014 14:45:00,78.9002,23.5826
BUOY_14,17-3-2014 15:00:00,78.8958,23.5852
BUOY_14,17-3-2014 15:15:00,78.8916,23.5856
BUOY_14,17-3-2014 15:30:00,78.887,23.5856
BUOY_14,17-3-2014 15:45:00,78.8826,23.5854
BUOY_14,17-3-2014 16:00:00,78.878,23.5846
BUOY_14,17-3-2014 16:15:00,78.873,23.5862
BUOY_14,17-3-2014 16:30:00,78.8682,23.5858
BUOY_14,17-3-2014 16:45:00,78.8636,23.5848
BUOY_14,17-3-2014 17:00:00,78.8588,23.5826
BUOY_14,17-3-2014 17:15:00,78.854,23.5808
BUOY_14,17-3-2014 17:30:00,78.8494,23.5786
BUOY_14,17-3-2014 17:45:00,78.8448,23.575
BUOY_14,17-3-2014 18:00:00,78.8402,23.5718
BUOY_14,17-3-2014 18:15:00,78.8358,23.5694
BUOY_14,17-3-2014 18:30:00,78.8314,23.567
BUOY_14,17-3-2014 18:45:00,78.8272,23.5632
BUOY_14,17-3-2014 19:00:00,78.8232,23.559
BUOY_14,17-3-2014 19:15:00,78.8192,23.555
BUOY_14,17-3-2014 19:30:00,78.8152,23.5518
BUOY_14,17-3-2014 19:45:00,78.8116,23.5482
BUOY_14,17-3-2014 20:00:00,78.8082,23.5448
BUOY_14,17-3-2014 20:15:00,78.805,23.5418
BUOY_14,17-3-2014 20:30:00,78.8018,23.5388
BUOY_14,17-3-2014 20:45:00,78.7988,23.536
BUOY_14,17-3-2014 21:00:00,78.796,23.5342
BUOY_14,17-3-2014 21:15:00,78.7934,23.5314
BUOY_14,17-3-2014 21:30:00,78.791,23.5284
BUOY_14,17-3-2014 21:45:00,78.7886,23.5248
BUOY_14,17-3-2014 22:00:00,78.7862,23.5226
BUOY_14,17-3-2014 22:15:00,78.784,23.5224
BUOY_14,17-3-2014 22:30:00,78.7816,23.5226
BUOY_14,17-3-2014 22:45:00,78.7794,23.5198
BUOY_14,17-3-2014 23:00:00,78.7772,23.5182
BUOY_14,17-3-2014 23:15:00,78.7752,23.5162
BUOY_14,17-3-2014 23:30:00,78.7728,23.517
BUOY_14,17-3-2014 23:45:00,78.7706,23.5174
BUOY_14,18-3-2014,78.7682,23.5182
BUOY_14,18-3-2014 00:15:00,78.766,23.5182
BUOY_14,18-3-2014 00:30:00,78.7638,23.5188
BUOY_14,18-3-2014 00:45:00,78.7616,23.5202
BUOY_14,18-3-2014 01:00:00,78.7592,23.522
BUOY_14,18-3-2014 01:15:00,78.7566,23.5242
BUOY_14,18-3-2014 01:30:00,78.7538,23.5264
BUOY_14,18-3-2014 01:45:00,78.751,23.529
BUOY_14,18-3-2014 02:00:00,78.748,23.532
BUOY_14,18-3-2014 02:15:00,78.745,23.535
BUOY_14,18-3-2014 02:30:00,78.742,23.538
BUOY_14,18-3-2014 02:45:00,78.7388,23.5414
BUOY_14,18-3-2014 03:00:00,78.7356,23.5448
BUOY_14,18-3-2014 03:15:00,78.7322,23.5482
BUOY_14,18-3-2014 03:30:00,78.7288,23.551
BUOY_14,18-3-2014 03:45:00,78.7254,23.5542
BUOY_14,18-3-2014 04:00:00,78.7218,23.5574
BUOY_14,18-3-2014 04:15:00,78.7184,23.5602
BUOY_14,18-3-2014 04:30:00,78.7148,23.5628
BUOY_14,18-3-2014 04:45:00,78.711,23.5654
BUOY_14,18-3-2014 05:00:00,78.7074,23.5676
BUOY_14,18-3-2014 05:15:00,78.7036,23.5698
BUOY_14,18-3-2014 05:30:00,78.7,23.572
BUOY_14,18-3-2014 05:45:00,78.696,23.574
BUOY_14,18-3-2014 06:00:00,78.6922,23.576
BUOY_14,18-3-2014 06:15:00,78.6884,23.5778
BUOY_14,18-3-2014 06:30:00,78.6844,23.5798
BUOY_14,18-3-2014 06:45:00,78.6808,23.5814
BUOY_14,18-3-2014 07:00:00,78.677,23.583
BUOY_14,18-3-2014 07:15:00,78.6734,23.5846
BUOY_14,18-3-2014 07:30:00,78.67,23.5866
BUOY_14,18-3-2014 07:45:00,78.6668,23.5884
BUOY_14,18-3-2014 08:00:00,78.6636,23.5904
BUOY_14,18-3-2014 08:15:00,78.6604,23.5926
BUOY_14,18-3-2014 08:30:00,78.6576,23.595
BUOY_14,18-3-2014 08:45:00,78.6546,23.5972
BUOY_14,18-3-2014 09:00:00,78.6518,23.5996
BUOY_14,18-3-2014 09:15:00,78.6494,23.602
BUOY_14,18-3-2014 09:30:00,78.6468,23.6046
BUOY_14,18-3-2014 09:45:00,78.6444,23.6072
BUOY_14,18-3-2014 10:00:00,78.6422,23.6098
BUOY_14,18-3-2014 10:15:00,78.64,23.6122
BUOY_14,18-3-2014 10:30:00,78.6378,23.615
BUOY_14,18-3-2014 10:45:00,78.636,23.6184
BUOY_14,18-3-2014 11:00:00,78.6342,23.6216
BUOY_14,18-3-2014 11:15:00,78.6322,23.625
BUOY_14,18-3-2014 11:30:00,78.6304,23.6278
BUOY_14,18-3-2014 11:45:00,78.6284,23.6306
BUOY_14,18-3-2014 12:00:00,78.6264,23.6336
BUOY_14,18-3-2014 12:15:00,78.6246,23.6366
BUOY_14,18-3-2014 12:30:00,78.6224,23.6396
BUOY_14,18-3-2014 12:45:00,78.6204,23.6424
BUOY_14,18-3-2014 13:00:00,78.6182,23.6454
BUOY_14,18-3-2014 13:15:00,78.616,23.6482
BUOY_14,18-3-2014 13:30:00,78.6136,23.6512
BUOY_14,18-3-2014 13:45:00,78.6112,23.6546
BUOY_14,18-3-2014 14:00:00,78.6086,23.658
BUOY_14,18-3-2014 14:15:00,78.606,23.6616
BUOY_14,18-3-2014 14:30:00,78.6032,23.6654
BUOY_14,18-3-2014 14:45:00,78.6004,23.6694
BUOY_14,18-3-2014 15:00:00,78.5976,23.6736
BUOY_14,18-3-2014 15:15:00,78.5944,23.6774
BUOY_14,18-3-2014 15:30:00,78.5912,23.682
BUOY_14,18-3-2014 15:45:00,78.588,23.6874
BUOY_14,18-3-2014 16:00:00,78.5844,23.6912
BUOY_14,18-3-2014 16:15:00,78.5812,23.6952
BUOY_14,18-3-2014 16:30:00,78.5778,23.6994
BUOY_14,18-3-2014 16:45:00,78.5746,23.703
BUOY_14,18-3-2014 17:00:00,78.5712,23.7064
BUOY_14,18-3-2014 17:15:00,78.5678,23.7098
BUOY_14,18-3-2014 17:30:00,78.5642,23.7126
BUOY_14,18-3-2014 17:45:00,78.5608,23.7152
BUOY_14,18-3-2014 18:00:00,78.5574,23.7174
BUOY_14,18-3-2014 18:15:00,78.5538,23.7192
BUOY_14,18-3-2014 18:30:00,78.5504,23.7204
BUOY_14,18-3-2014 18:45:00,78.547,23.7218
BUOY_14,18-3-2014 19:00:00,78.5438,23.723
BUOY_14,18-3-2014 19:15:00,78.5408,23.7236
BUOY_14,18-3-2014 19:30:00,78.5378,23.724
BUOY_14,18-3-2014 19:45:00,78.5348,23.7242
BUOY_14,18-3-2014 20:00:00,78.532,23.7242
BUOY_14,18-3-2014 20:15:00,78.5294,23.724
BUOY_14,18-3-2014 20:30:00,78.5268,23.724
BUOY_14,18-3-2014 20:45:00,78.5244,23.7236
BUOY_14,18-3-2014 21:00:00,78.522,23.7236
BUOY_14,18-3-2014 21:15:00,78.5198,23.7236
BUOY_14,18-3-2014 21:30:00,78.518,23.724
BUOY_14,18-3-2014 21:45:00,78.5162,23.7234
BUOY_14,18-3-2014 22:00:00,78.5148,23.7228
BUOY_14,18-3-2014 22:15:00,78.5134,23.7226
BUOY_14,18-3-2014 22:30:00,78.5122,23.7224
BUOY_14,18-3-2014 22:45:00,78.511,23.7226
BUOY_14,18-3-2014 23:00:00,78.51,23.7226
BUOY_14,18-3-2014 23:15:00,78.5092,23.7226
BUOY_14,18-3-2014 23:30:00,78.5082,23.7222
BUOY_14,18-3-2014 23:45:00,78.5074,23.7216
BUOY_14,19-3-2014,78.5066,23.721
BUOY_14,19-3-2014 00:15:00,78.5062,23.7204
BUOY_14,19-3-2014 00:30:00,78.5058,23.7206
BUOY_14,19-3-2014 00:45:00,78.5052,23.7204
BUOY_14,19-3-2014 01:00:00,78.5048,23.7202
BUOY_14,19-3-2014 01:15:00,78.5044,23.7204
BUOY_14,19-3-2014 01:30:00,78.5038,23.7212
BUOY_14,19-3-2014 01:45:00,78.5032,23.723
BUOY_14,19-3-2014 02:00:00,78.5024,23.725
BUOY_14,19-3-2014 02:15:00,78.5014,23.7272
BUOY_14,19-3-2014 02:30:00,78.5004,23.73
BUOY_14,19-3-2014 02:45:00,78.4992,23.7326
BUOY_14,19-3-2014 03:00:00,78.498,23.7358
BUOY_14,19-3-2014 03:15:00,78.4966,23.7394
BUOY_14,19-3-2014 03:30:00,78.495,23.7432
BUOY_14,19-3-2014 03:45:00,78.4932,23.7468
BUOY_14,19-3-2014 04:00:00,78.4912,23.7502
BUOY_14,19-3-2014 04:15:00,78.4892,23.7554
BUOY_14,19-3-2014 04:30:00,78.487,23.759
BUOY_14,19-3-2014 04:45:00,78.4848,23.763
BUOY_14,19-3-2014 05:00:00,78.4826,23.7674
BUOY_14,19-3-2014 05:15:00,78.4804,23.7712
BUOY_14,19-3-2014 05:30:00,78.4782,23.7746
BUOY_14,19-3-2014 05:45:00,78.4758,23.7778
BUOY_14,19-3-2014 06:00:00,78.4732,23.7806
BUOY_14,19-3-2014 06:15:00,78.4708,23.7826
BUOY_14,19-3-2014 06:30:00,78.4682,23.7842
BUOY_14,19-3-2014 06:45:00,78.4658,23.7856
BUOY_14,19-3-2014 07:00:00,78.4636,23.787
BUOY_14,19-3-2014 07:15:00,78.4612,23.788
BUOY_14,19-3-2014 07:30:00,78.459,23.7886
BUOY_14,19-3-2014 07:45:00,78.4566,23.789
BUOY_14,19-3-2014 08:00:00,78.4546,23.7892
BUOY_14,19-3-2014 08:15:00,78.4526,23.789
BUOY_14,19-3-2014 08:30:00,78.4506,23.7884
BUOY_14,19-3-2014 08:45:00,78.449,23.7874
BUOY_14,19-3-2014 09:00:00,78.4476,23.786
BUOY_14,19-3-2014 09:15:00,78.4462,23.7842
BUOY_14,19-3-2014 09:30:00,78.445,23.7822
BUOY_14,19-3-2014 09:45:00,78.4442,23.781
BUOY_14,19-3-2014 10:00:00,78.4436,23.7788
BUOY_14,19-3-2014 10:15:00,78.4432,23.777
BUOY_14,19-3-2014 10:30:00,78.443,23.7748
BUOY_14,19-3-2014 10:45:00,78.4428,23.773
BUOY_14,19-3-2014 11:00:00,78.4428,23.7716
BUOY_14,19-3-2014 11:15:00,78.443,23.77
BUOY_14,19-3-2014 11:30:00,78.4432,23.7684
BUOY_14,19-3-2014 11:45:00,78.4434,23.7672
BUOY_14,19-3-2014 12:00:00,78.4438,23.766
BUOY_14,19-3-2014 12:15:00,78.4442,23.7654
BUOY_14,19-3-2014 12:30:00,78.4446,23.7646
BUOY_14,19-3-2014 12:45:00,78.445,23.7642
BUOY_14,19-3-2014 13:00:00,78.4454,23.7644
BUOY_14,19-3-2014 13:15:00,78.4458,23.765
BUOY_14,19-3-2014 13:30:00,78.4462,23.766
BUOY_14,19-3-2014 13:45:00,78.4464,23.768
BUOY_14,19-3-2014 14:00:00,78.4466,23.7706
BUOY_14,19-3-2014 14:15:00,78.4464,23.7736
BUOY_14,19-3-2014 14:30:00,78.4462,23.7774
BUOY_14,19-3-2014 14:45:00,78.4456,23.7814
BUOY_14,19-3-2014 15:00:00,78.4452,23.786
BUOY_14,19-3-2014 15:15:00,78.4444,23.7912
BUOY_14,19-3-2014 15:30:00,78.4434,23.7962
BUOY_14,19-3-2014 15:45:00,78.4424,23.8022
BUOY_14,19-3-2014 16:00:00,78.4412,23.8082
BUOY_14,19-3-2014 16:15:00,78.44,23.8138
BUOY_14,19-3-2014 16:30:00,78.4388,23.8194
BUOY_14,19-3-2014 16:45:00,78.4374,23.8244
BUOY_14,19-3-2014 17:00:00,78.436,23.8292
BUOY_14,19-3-2014 17:15:00,78.4344,23.834
BUOY_14,19-3-2014 17:30:00,78.4326,23.8384
BUOY_14,19-3-2014 17:45:00,78.4308,23.8428
BUOY_14,19-3-2014 18:00:00,78.429,23.8468
BUOY_14,19-3-2014 18:15:00,78.4272,23.8506
BUOY_14,19-3-2014 18:30:00,78.4256,23.854
BUOY_14,19-3-2014 18:45:00,78.4238,23.857
BUOY_14,19-3-2014 19:00:00,78.422,23.8596
BUOY_14,19-3-2014 19:15:00,78.4202,23.8622
BUOY_14,19-3-2014 19:30:00,78.4186,23.8646
BUOY_14,19-3-2014 19:45:00,78.417,23.8662
BUOY_14,19-3-2014 20:00:00,78.4154,23.8692
BUOY_14,19-3-2014 20:15:00,78.414,23.8714
BUOY_14,19-3-2014 20:30:00,78.4126,23.8732
BUOY_14,19-3-2014 20:45:00,78.4114,23.8748
BUOY_14,19-3-2014 21:00:00,78.4102,23.8766
BUOY_14,19-3-2014 21:15:00,78.4092,23.878
BUOY_14,19-3-2014 21:30:00,78.4082,23.879
BUOY_14,19-3-2014 21:45:00,78.4074,23.8796
BUOY_14,19-3-2014 22:00:00,78.4068,23.8796
BUOY_14,19-3-2014 22:15:00,78.4064,23.8796
BUOY_14,19-3-2014 22:30:00,78.406,23.8796
BUOY_14,19-3-2014 22:45:00,78.4058,23.8796
BUOY_14,19-3-2014 23:00:00,78.4058,23.8794
BUOY_14,19-3-2014 23:15:00,78.4058,23.8792
BUOY_14,19-3-2014 23:30:00,78.406,23.879
BUOY_14,19-3-2014 23:45:00,78.4062,23.8788
BUOY_14,20-3-2014,78.4064,23.8788
BUOY_14,20-3-2014 00:15:00,78.4066,23.8788
BUOY_14,20-3-2014 00:30:00,78.407,23.879
BUOY_14,20-3-2014 00:45:00,78.4074,23.8792
BUOY_14,20-3-2014 01:00:00,78.4078,23.8796
BUOY_14,20-3-2014 01:15:00,78.4084,23.8794
BUOY_14,20-3-2014 01:30:00,78.4088,23.8798
BUOY_14,20-3-2014 01:45:00,78.4094,23.88
BUOY_14,20-3-2014 02:00:00,78.4098,23.8808
BUOY_14,20-3-2014 02:15:00,78.4102,23.882
BUOY_14,20-3-2014 02:30:00,78.4104,23.8842
BUOY_14,20-3-2014 02:45:00,78.4104,23.8876
BUOY_14,20-3-2014 03:00:00,78.4102,23.8916
BUOY_14,20-3-2014 03:15:00,78.41,23.8958
BUOY_14,20-3-2014 03:30:00,78.4096,23.9006
BUOY_14,20-3-2014 03:45:00,78.409,23.9048
BUOY_14,20-3-2014 04:00:00,78.4082,23.909
BUOY_14,20-3-2014 04:15:00,78.4074,23.9138
BUOY_14,20-3-2014 04:30:00,78.4064,23.9182
BUOY_14,20-3-2014 04:45:00,78.4052,23.9232
BUOY_14,20-3-2014 05:00:00,78.4038,23.9278
BUOY_14,20-3-2014 05:15:00,78.4024,23.9322
BUOY_14,20-3-2014 05:30:00,78.401,23.9364
BUOY_14,20-3-2014 05:45:00,78.3996,23.9404
BUOY_14,20-3-2014 06:00:00,78.398,23.9438
BUOY_14,20-3-2014 06:15:00,78.3964,23.9472
BUOY_14,20-3-2014 06:30:00,78.3948,23.9504
BUOY_14,20-3-2014 06:45:00,78.3932,23.953
BUOY_14,20-3-2014 07:00:00,78.3918,23.9554
BUOY_14,20-3-2014 07:15:00,78.3902,23.9576
BUOY_14,20-3-2014 07:30:00,78.3886,23.9592
BUOY_14,20-3-2014 07:45:00,78.387,23.9612
BUOY_14,20-3-2014 08:00:00,78.3856,23.9628
BUOY_14,20-3-2014 08:15:00,78.3842,23.9646
BUOY_14,20-3-2014 08:30:00,78.383,23.9662
BUOY_14,20-3-2014 08:45:00,78.382,23.9676
BUOY_14,20-3-2014 09:00:00,78.381,23.9692
BUOY_14,20-3-2014 09:15:00,78.3802,23.9712
BUOY_14,20-3-2014 09:30:00,78.3794,23.973
BUOY_14,20-3-2014 09:45:00,78.3786,23.9748
BUOY_14,20-3-2014 10:00:00,78.378,23.9764
BUOY_14,20-3-2014 10:15:00,78.3776,23.9778
BUOY_14,20-3-2014 10:30:00,78.3774,23.979
BUOY_14,20-3-2014 10:45:00,78.3774,23.9802
BUOY_14,20-3-2014 11:00:00,78.3774,23.981
BUOY_14,20-3-2014 11:15:00,78.3776,23.9814
BUOY_14,20-3-2014 11:30:00,78.3778,23.9816
BUOY_14,20-3-2014 11:45:00,78.3782,23.9818
BUOY_14,20-3-2014 12:00:00,78.3788,23.9816
BUOY_14,20-3-2014 12:15:00,78.3794,23.9812
BUOY_14,20-3-2014 12:30:00,78.38,23.981
BUOY_14,20-3-2014 12:45:00,78.3808,23.981
BUOY_14,20-3-2014 13:00:00,78.3816,23.9808
BUOY_14,20-3-2014 13:15:00,78.3824,23.9806
BUOY_14,20-3-2014 13:30:00,78.3834,23.9806
BUOY_14,20-3-2014 13:45:00,78.3844,23.9806
BUOY_14,20-3-2014 14:00:00,78.3852,23.9804
BUOY_14,20-3-2014 14:15:00,78.3862,23.9804
BUOY_14,20-3-2014 14:30:00,78.387,23.9804
BUOY_14,20-3-2014 14:45:00,78.388,23.9808
BUOY_14,20-3-2014 15:00:00,78.3888,23.9818
BUOY_14,20-3-2014 15:15:00,78.3894,23.9828
BUOY_14,20-3-2014 15:30:00,78.39,23.9848
BUOY_14,20-3-2014 15:45:00,78.3902,23.9874
BUOY_14,20-3-2014 16:00:00,78.3906,23.9904
BUOY_14,20-3-2014 16:15:00,78.3906,23.9936
BUOY_14,20-3-2014 16:30:00,78.3904,23.9974
BUOY_14,20-3-2014 16:45:00,78.3902,24.0012
BUOY_14,20-3-2014 17:00:00,78.3896,24.0054
BUOY_14,20-3-2014 17:15:00,78.389,24.0092
BUOY_14,20-3-2014 17:30:00,78.3882,24.013
BUOY_14,20-3-2014 17:45:00,78.3874,24.0162
BUOY_14,20-3-2014 18:00:00,78.3864,24.0194
BUOY_14,20-3-2014 18:15:00,78.3854,24.0226
BUOY_14,20-3-2014 18:30:00,78.3842,24.0254
BUOY_14,20-3-2014 18:45:00,78.3832,24.0278
BUOY_14,20-3-2014 19:00:00,78.3822,24.03
BUOY_14,20-3-2014 19:15:00,78.381,24.0316
BUOY_14,20-3-2014 19:30:00,78.38,24.0328
BUOY_14,20-3-2014 19:45:00,78.379,24.0336
BUOY_14,20-3-2014 20:00:00,78.3782,24.0344
BUOY_14,20-3-2014 20:15:00,78.3774,24.0348
BUOY_14,20-3-2014 20:30:00,78.3768,24.035
BUOY_14,20-3-2014 20:45:00,78.3762,24.0348
BUOY_14,20-3-2014 21:00:00,78.3758,24.0344
BUOY_14,20-3-2014 21:15:00,78.3754,24.0336
BUOY_14,20-3-2014 21:30:00,78.3752,24.0328
BUOY_14,20-3-2014 21:45:00,78.3752,24.032
BUOY_14,20-3-2014 22:00:00,78.3754,24.0312
BUOY_14,20-3-2014 22:15:00,78.3756,24.0302
BUOY_14,20-3-2014 22:30:00,78.376,24.0288
BUOY_14,20-3-2014 22:45:00,78.3768,24.027
BUOY_14,20-3-2014 23:00:00,78.3776,24.025
BUOY_14,20-3-2014 23:15:00,78.3788,24.0228
BUOY_14,20-3-2014 23:30:00,78.38,24.0206
BUOY_14,20-3-2014 23:45:00,78.3814,24.0182
BUOY_14,21-3-2014,78.3828,24.0158
BUOY_14,21-3-2014 00:15:00,78.3846,24.0132
BUOY_14,21-3-2014 00:30:00,78.3862,24.0106
BUOY_14,21-3-2014 00:45:00,78.3882,24.0084
BUOY_14,21-3-2014 01:00:00,78.39,24.0064
BUOY_14,21-3-2014 01:15:00,78.392,24.0044
BUOY_14,21-3-2014 01:30:00,78.394,24.0024
BUOY_14,21-3-2014 01:45:00,78.396,24.0006
BUOY_14,21-3-2014 02:00:00,78.3982,23.9988
BUOY_14,21-3-2014 02:15:00,78.4002,23.9972
BUOY_14,21-3-2014 02:30:00,78.4022,23.9956
BUOY_14,21-3-2014 02:45:00,78.4044,23.994
BUOY_14,21-3-2014 03:00:00,78.4062,23.9928
BUOY_14,21-3-2014 03:15:00,78.4082,23.993
BUOY_14,21-3-2014 03:30:00,78.4098,23.9946
BUOY_14,21-3-2014 03:45:00,78.4114,23.9966
BUOY_14,21-3-2014 04:00:00,78.4128,23.9986
BUOY_14,21-3-2014 04:15:00,78.414,24.0004
BUOY_14,21-3-2014 04:30:00,78.4152,24.0032
BUOY_14,21-3-2014 04:45:00,78.416,24.0062
BUOY_14,21-3-2014 05:00:00,78.4168,24.0096
BUOY_14,21-3-2014 05:15:00,78.4172,24.013
BUOY_14,21-3-2014 05:30:00,78.4174,24.0166
BUOY_14,21-3-2014 05:45:00,78.4174,24.02
BUOY_14,21-3-2014 06:00:00,78.417,24.0234
BUOY_14,21-3-2014 06:15:00,78.4166,24.0264
BUOY_14,21-3-2014 06:30:00,78.416,24.029
BUOY_14,21-3-2014 06:45:00,78.4154,24.031
BUOY_14,21-3-2014 07:00:00,78.4146,24.0328
BUOY_14,21-3-2014 07:15:00,78.4138,24.0342
BUOY_14,21-3-2014 07:30:00,78.4128,24.0352
BUOY_14,21-3-2014 07:45:00,78.412,24.0358
BUOY_14,21-3-2014 08:00:00,78.411,24.0362
BUOY_14,21-3-2014 08:15:00,78.4098,24.0366
BUOY_14,21-3-2014 08:30:00,78.409,24.0366
BUOY_14,21-3-2014 08:45:00,78.408,24.0366
BUOY_14,21-3-2014 09:00:00,78.407,24.0364
BUOY_14,21-3-2014 09:15:00,78.4062,24.0362
BUOY_14,21-3-2014 09:30:00,78.4054,24.0358
BUOY_14,21-3-2014 09:45:00,78.4048,24.0352
BUOY_14,21-3-2014 10:00:00,78.4042,24.0344
BUOY_14,21-3-2014 10:15:00,78.4038,24.0334
BUOY_14,21-3-2014 10:30:00,78.4036,24.0322
BUOY_14,21-3-2014 10:45:00,78.4034,24.0306
BUOY_14,21-3-2014 11:00:00,78.4034,24.0288
BUOY_14,21-3-2014 11:15:00,78.4034,24.027
BUOY_14,21-3-2014 11:30:00,78.4038,24.0252
BUOY_14,21-3-2014 11:45:00,78.4042,24.0232
BUOY_14,21-3-2014 12:00:00,78.4046,24.0212
BUOY_14,21-3-2014 12:15:00,78.4052,24.019
BUOY_14,21-3-2014 12:30:00,78.4058,24.0172
BUOY_14,21-3-2014 12:45:00,78.4064,24.0154
BUOY_14,21-3-2014 13:00:00,78.407,24.0136
BUOY_14,21-3-2014 13:15:00,78.4076,24.012
BUOY_14,21-3-2014 13:30:00,78.4084,24.0104
BUOY_14,21-3-2014 13:45:00,78.409,24.0084
BUOY_14,21-3-2014 14:00:00,78.4096,24.0062
BUOY_14,21-3-2014 14:15:00,78.4104,24.0038
BUOY_14,21-3-2014 14:30:00,78.4112,24.001
BUOY_14,21-3-2014 14:45:00,78.412,23.9984
BUOY_14,21-3-2014 15:00:00,78.4126,23.9958
BUOY_14,21-3-2014 15:15:00,78.4132,23.9936
BUOY_14,21-3-2014 15:30:00,78.4138,23.9922
BUOY_14,21-3-2014 15:45:00,78.4142,23.9916
BUOY_14,21-3-2014 16:00:00,78.4144,23.991
BUOY_14,21-3-2014 16:15:00,78.4144,23.99
BUOY_14,21-3-2014 16:30:00,78.4142,23.9892
BUOY_14,21-3-2014 16:45:00,78.414,23.988
BUOY_14,21-3-2014 17:00:00,78.4136,23.987
BUOY_14,21-3-2014 17:15:00,78.413,23.9852
BUOY_14,21-3-2014 17:30:00,78.4122,23.9836
BUOY_14,21-3-2014 17:45:00,78.4112,23.9814
BUOY_14,21-3-2014 18:00:00,78.41,23.9792
BUOY_14,21-3-2014 18:15:00,78.4088,23.9768
BUOY_14,21-3-2014 18:30:00,78.4072,23.9744
BUOY_14,21-3-2014 18:45:00,78.4058,23.9716
BUOY_14,21-3-2014 19:00:00,78.4044,23.9688
BUOY_14,21-3-2014 19:15:00,78.4028,23.9658
BUOY_14,21-3-2014 19:30:00,78.4012,23.9624
BUOY_14,21-3-2014 19:45:00,78.3996,23.9592
BUOY_14,21-3-2014 20:00:00,78.3978,23.956
BUOY_14,21-3-2014 20:15:00,78.3962,23.9526
BUOY_14,21-3-2014 20:30:00,78.3946,23.9492
BUOY_14,21-3-2014 20:45:00,78.3932,23.946
BUOY_14,21-3-2014 21:00:00,78.3918,23.943
BUOY_14,21-3-2014 21:15:00,78.3908,23.9408
BUOY_14,21-3-2014 21:30:00,78.39,23.9384
BUOY_14,21-3-2014 21:45:00,78.3892,23.9348
BUOY_14,21-3-2014 22:00:00,78.3886,23.9306
BUOY_14,21-3-2014 22:15:00,78.3884,23.9264
BUOY_14,21-3-2014 22:30:00,78.3882,23.922
BUOY_14,21-3-2014 22:45:00,78.388,23.9174
BUOY_14,21-3-2014 23:00:00,78.388,23.9132
BUOY_14,21-3-2014 23:15:00,78.388,23.9092
BUOY_14,21-3-2014 23:30:00,78.3882,23.9054
BUOY_14,21-3-2014 23:45:00,78.3886,23.902
BUOY_14,22-3-2014,78.389,23.8986
BUOY_14,22-3-2014 00:15:00,78.3896,23.8958
BUOY_14,22-3-2014 00:30:00,78.3902,23.893
BUOY_14,22-3-2014 00:45:00,78.391,23.8902
BUOY_14,22-3-2014 01:00:00,78.3918,23.8874
BUOY_14,22-3-2014 01:15:00,78.3926,23.885
BUOY_14,22-3-2014 01:30:00,78.3934,23.8826
BUOY_14,22-3-2014 01:45:00,78.3942,23.8804
BUOY_14,22-3-2014 02:00:00,78.3952,23.8784
BUOY_14,22-3-2014 02:15:00,78.3962,23.8764
BUOY_14,22-3-2014 02:30:00,78.397,23.875
BUOY_14,22-3-2014 02:45:00,78.398,23.8742
BUOY_14,22-3-2014 03:00:00,78.3988,23.8748
BUOY_14,22-3-2014 03:15:00,78.3996,23.876
BUOY_14,22-3-2014 03:30:00,78.4004,23.8784
BUOY_14,22-3-2014 03:45:00,78.4008,23.881
BUOY_14,22-3-2014 04:00:00,78.4012,23.8842
BUOY_14,22-3-2014 04:15:00,78.4014,23.8872
BUOY_14,22-3-2014 04:30:00,78.4016,23.8908
BUOY_14,22-3-2014 04:45:00,78.4016,23.8942
BUOY_14,22-3-2014 05:00:00,78.4014,23.8976
BUOY_14,22-3-2014 05:15:00,78.401,23.901
BUOY_14,22-3-2014 05:30:00,78.4006,23.9046
BUOY_14,22-3-2014 05:45:00,78.4,23.9082
BUOY_14,22-3-2014 06:00:00,78.399,23.9122
BUOY_14,22-3-2014 06:15:00,78.3982,23.9154
BUOY_14,22-3-2014 06:30:00,78.3972,23.9182
BUOY_14,22-3-2014 06:45:00,78.3962,23.9202
BUOY_14,22-3-2014 07:00:00,78.395,23.922
BUOY_14,22-3-2014 07:15:00,78.3938,23.9234
BUOY_14,22-3-2014 07:30:00,78.3926,23.9248
BUOY_14,22-3-2014 07:45:00,78.3916,23.9262
BUOY_14,22-3-2014 08:00:00,78.3906,23.9268
BUOY_14,22-3-2014 08:15:00,78.3896,23.9274
BUOY_14,22-3-2014 08:30:00,78.3888,23.9278
BUOY_14,22-3-2014 08:45:00,78.3878,23.9286
BUOY_14,22-3-2014 09:00:00,78.387,23.9294
BUOY_14,22-3-2014 09:15:00,78.3862,23.9306
BUOY_14,22-3-2014 09:30:00,78.3856,23.9316
BUOY_14,22-3-2014 09:45:00,78.3852,23.9326
BUOY_14,22-3-2014 10:00:00,78.3848,23.933
BUOY_14,22-3-2014 10:15:00,78.3844,23.9338
BUOY_14,22-3-2014 10:30:00,78.3842,23.9342
BUOY_14,22-3-2014 10:45:00,78.384,23.9346
BUOY_14,22-3-2014 11:00:00,78.384,23.9348
BUOY_14,22-3-2014 11:15:00,78.384,23.9348
BUOY_14,22-3-2014 11:30:00,78.384,23.9352
BUOY_14,22-3-2014 11:45:00,78.3842,23.9354
BUOY_14,22-3-2014 12:00:00,78.3842,23.9358
BUOY_14,22-3-2014 12:15:00,78.3844,23.9358
BUOY_14,22-3-2014 12:30:00,78.3848,23.936
BUOY_14,22-3-2014 12:45:00,78.3852,23.9358
BUOY_14,22-3-2014 13:00:00,78.3856,23.936
BUOY_14,22-3-2014 13:15:00,78.386,23.9358
BUOY_14,22-3-2014 13:30:00,78.3866,23.9356
BUOY_14,22-3-2014 13:45:00,78.3872,23.9354
BUOY_14,22-3-2014 14:00:00,78.388,23.9352
BUOY_14,22-3-2014 14:15:00,78.3886,23.935
BUOY_14,22-3-2014 14:30:00,78.3892,23.9352
BUOY_14,22-3-2014 14:45:00,78.3898,23.9352
BUOY_14,22-3-2014 15:00:00,78.3906,23.9354
BUOY_14,22-3-2014 15:15:00,78.391,23.9356
BUOY_14,22-3-2014 15:30:00,78.3916,23.9358
BUOY_14,22-3-2014 15:45:00,78.392,23.9364
BUOY_14,22-3-2014 16:00:00,78.3924,23.9376
BUOY_14,22-3-2014 16:15:00,78.3926,23.9398
BUOY_14,22-3-2014 16:30:00,78.3926,23.943
BUOY_14,22-3-2014 16:45:00,78.3926,23.9466
BUOY_14,22-3-2014 17:00:00,78.3922,23.951
BUOY_14,22-3-2014 17:15:00,78.3918,23.9554
BUOY_14,22-3-2014 17:30:00,78.3912,23.9604
BUOY_14,22-3-2014 17:45:00,78.3906,23.9652
BUOY_14,22-3-2014 18:00:00,78.3896,23.9702
BUOY_14,22-3-2014 18:15:00,78.3886,23.975
BUOY_14,22-3-2014 18:30:00,78.3876,23.9798
BUOY_14,22-3-2014 18:45:00,78.3862,23.9838
BUOY_14,22-3-2014 19:00:00,78.385,23.9876
BUOY_14,22-3-2014 19:15:00,78.3838,23.9912
BUOY_14,22-3-2014 19:30:00,78.3824,23.994
BUOY_14,22-3-2014 19:45:00,78.381,23.9968
BUOY_14,22-3-2014 20:00:00,78.3796,23.9994
BUOY_14,22-3-2014 20:15:00,78.3782,24.0016
BUOY_14,22-3-2014 20:30:00,78.377,24.0032
BUOY_14,22-3-2014 20:45:00,78.3756,24.005
BUOY_14,22-3-2014 21:00:00,78.3742,24.0064
BUOY_14,22-3-2014 21:15:00,78.3728,24.0078
BUOY_14,22-3-2014 21:30:00,78.3716,24.0092
BUOY_14,22-3-2014 21:45:00,78.3704,24.0104
BUOY_14,22-3-2014 22:00:00,78.3694,24.0118
BUOY_14,22-3-2014 22:15:00,78.3684,24.013
BUOY_14,22-3-2014 22:30:00,78.3676,24.0142
BUOY_14,22-3-2014 22:45:00,78.3668,24.0152
BUOY_14,22-3-2014 23:00:00,78.3662,24.016
BUOY_14,22-3-2014 23:15:00,78.3656,24.0166
BUOY_14,22-3-2014 23:30:00,78.3652,24.0168
BUOY_14,22-3-2014 23:45:00,78.3648,24.0164
BUOY_14,23-3-2014,78.3646,24.0166
BUOY_14,23-3-2014 00:15:00,78.3646,24.0166
BUOY_14,23-3-2014 00:30:00,78.3646,24.0166
BUOY_14,23-3-2014 00:45:00,78.3646,24.0166
BUOY_14,23-3-2014 01:00:00,78.3648,24.0164
BUOY_14,23-3-2014 01:15:00,78.3648,24.0162
BUOY_14,23-3-2014 01:30:00,78.365,24.0158
BUOY_14,23-3-2014 01:45:00,78.3654,24.0154
BUOY_14,23-3-2014 02:00:00,78.3656,24.0148
BUOY_14,23-3-2014 02:15:00,78.3658,24.0136
BUOY_14,23-3-2014 02:30:00,78.3662,24.0128
BUOY_14,23-3-2014 02:45:00,78.3668,24.0122
BUOY_14,23-3-2014 03:00:00,78.3672,24.0112
BUOY_14,23-3-2014 03:15:00,78.3678,24.0102
BUOY_14,23-3-2014 03:30:00,78.3682,24.0092
BUOY_14,23-3-2014 03:45:00,78.3688,24.0082
BUOY_14,23-3-2014 04:00:00,78.3692,24.0074
BUOY_14,23-3-2014 04:15:00,78.3698,24.0072
BUOY_14,23-3-2014 04:30:00,78.37,24.008
BUOY_14,23-3-2014 04:45:00,78.3702,24.0098
BUOY_14,23-3-2014 05:00:00,78.3702,24.0126
BUOY_14,23-3-2014 05:15:00,78.37,24.0158
BUOY_14,23-3-2014 05:30:00,78.3696,24.0196
BUOY_14,23-3-2014 05:45:00,78.369,24.0232
BUOY_14,23-3-2014 06:00:00,78.3684,24.0268
BUOY_14,23-3-2014 06:15:00,78.3676,24.0302
BUOY_14,23-3-2014 06:30:00,78.3666,24.0334
BUOY_14,23-3-2014 06:45:00,78.3656,24.0364
BUOY_14,23-3-2014 07:00:00,78.3644,24.0394
BUOY_14,23-3-2014 07:15:00,78.3632,24.0424
BUOY_14,23-3-2014 07:30:00,78.3618,24.0452
BUOY_14,23-3-2014 07:45:00,78.3606,24.0476
BUOY_14,23-3-2014 08:00:00,78.3592,24.05
BUOY_14,23-3-2014 08:15:00,78.3578,24.0522
BUOY_14,23-3-2014 08:30:00,78.3564,24.0546
BUOY_14,23-3-2014 08:45:00,78.3548,24.057
BUOY_14,23-3-2014 09:00:00,78.3532,24.0592
BUOY_14,23-3-2014 09:15:00,78.3516,24.0618
BUOY_14,23-3-2014 09:30:00,78.35,24.0638
BUOY_14,23-3-2014 09:45:00,78.3484,24.066
BUOY_14,23-3-2014 10:00:00,78.3468,24.0684
BUOY_14,23-3-2014 10:15:00,78.3452,24.0704
BUOY_14,23-3-2014 10:30:00,78.3438,24.0722
BUOY_14,23-3-2014 10:45:00,78.3424,24.0738
BUOY_14,23-3-2014 11:00:00,78.3412,24.0758
BUOY_14,23-3-2014 11:15:00,78.3404,24.0778
BUOY_14,23-3-2014 11:30:00,78.3396,24.0798
BUOY_14,23-3-2014 11:45:00,78.339,24.0814
BUOY_14,23-3-2014 12:00:00,78.3386,24.0826
BUOY_14,23-3-2014 12:15:00,78.3382,24.0836
BUOY_14,23-3-2014 12:30:00,78.338,24.0846
BUOY_14,23-3-2014 12:45:00,78.338,24.0854
BUOY_14,23-3-2014 13:00:00,78.3378,24.0858
BUOY_14,23-3-2014 13:15:00,78.3378,24.086
BUOY_14,23-3-2014 13:30:00,78.3378,24.0862
BUOY_14,23-3-2014 13:45:00,78.338,24.0862
BUOY_14,23-3-2014 14:00:00,78.338,24.086
BUOY_14,23-3-2014 14:15:00,78.3382,24.0856
BUOY_14,23-3-2014 14:30:00,78.3386,24.085
BUOY_14,23-3-2014 14:45:00,78.339,24.0844
BUOY_14,23-3-2014 15:00:00,78.3394,24.0834
BUOY_14,23-3-2014 15:15:00,78.34,24.0824
BUOY_14,23-3-2014 15:30:00,78.3406,24.0812
BUOY_14,23-3-2014 15:45:00,78.3414,24.0802
BUOY_14,23-3-2014 16:00:00,78.342,24.0794
BUOY_14,23-3-2014 16:15:00,78.3426,24.0784
BUOY_14,23-3-2014 16:30:00,78.3434,24.0772
BUOY_14,23-3-2014 16:45:00,78.344,24.0766
BUOY_14,23-3-2014 17:00:00,78.3444,24.0758
BUOY_14,23-3-2014 17:15:00,78.3448,24.0752
BUOY_14,23-3-2014 17:30:00,78.3452,24.075
BUOY_14,23-3-2014 17:45:00,78.3454,24.0756
BUOY_14,23-3-2014 18:00:00,78.3456,24.0768
BUOY_14,23-3-2014 18:15:00,78.3456,24.0782
BUOY_14,23-3-2014 18:30:00,78.3454,24.0802
BUOY_14,23-3-2014 18:45:00,78.345,24.083
BUOY_14,23-3-2014 19:00:00,78.3446,24.086
BUOY_14,23-3-2014 19:15:00,78.344,24.0888
BUOY_14,23-3-2014 19:30:00,78.3436,24.0916
BUOY_14,23-3-2014 19:45:00,78.343,24.094
BUOY_14,23-3-2014 20:00:00,78.3424,24.0966
BUOY_14,23-3-2014 20:15:00,78.3416,24.0988
BUOY_14,23-3-2014 20:30:00,78.3408,24.101
BUOY_14,23-3-2014 20:45:00,78.34,24.1028
BUOY_14,23-3-2014 21:00:00,78.3392,24.1048
BUOY_14,23-3-2014 21:15:00,78.3384,24.1064
BUOY_14,23-3-2014 21:30:00,78.3376,24.1078
BUOY_14,23-3-2014 21:45:00,78.3368,24.1092
BUOY_14,23-3-2014 22:00:00,78.336,24.1102
BUOY_14,23-3-2014 22:15:00,78.3352,24.1114
BUOY_14,23-3-2014 22:30:00,78.3346,24.1124
BUOY_14,23-3-2014 22:45:00,78.3342,24.1134
BUOY_14,23-3-2014 23:00:00,78.3338,24.1146
BUOY_14,23-3-2014 23:15:00,78.3334,24.1156
BUOY_14,23-3-2014 23:30:00,78.3322,24.1138
BUOY_14,23-3-2014 23:45:00,78.3328,24.1164
BUOY_14,24-3-2014,78.3328,24.1168
BUOY_14,24-3-2014 00:15:00,78.3328,24.117
BUOY_14,24-3-2014 00:30:00,78.3328,24.1168
BUOY_14,24-3-2014 00:45:00,78.3328,24.1166
BUOY_14,24-3-2014 01:00:00,78.333,24.1164
BUOY_14,24-3-2014 01:15:00,78.3334,24.1154
BUOY_14,24-3-2014 01:30:00,78.3338,24.1146
BUOY_14,24-3-2014 01:45:00,78.3342,24.1136
BUOY_14,24-3-2014 02:00:00,78.3348,24.1126
BUOY_14,24-3-2014 02:15:00,78.3354,24.1114
BUOY_14,24-3-2014 02:30:00,78.336,24.11
BUOY_14,24-3-2014 02:45:00,78.3368,24.1086
BUOY_14,24-3-2014 03:00:00,78.3376,24.107
BUOY_14,24-3-2014 03:15:00,78.3384,24.1058
BUOY_14,24-3-2014 03:30:00,78.3392,24.104
BUOY_14,24-3-2014 03:45:00,78.34,24.1026
BUOY_14,24-3-2014 04:00:00,78.341,24.1008
BUOY_14,24-3-2014 04:15:00,78.3418,24.099
BUOY_14,24-3-2014 04:30:00,78.3428,24.0976
BUOY_14,24-3-2014 04:45:00,78.3436,24.096
BUOY_14,24-3-2014 05:00:00,78.3444,24.0948
BUOY_14,24-3-2014 05:15:00,78.345,24.0938
BUOY_14,24-3-2014 05:30:00,78.3456,24.0932
BUOY_14,24-3-2014 05:45:00,78.3462,24.0936
BUOY_14,24-3-2014 06:00:00,78.3464,24.0946
BUOY_14,24-3-2014 06:15:00,78.3466,24.0962
BUOY_14,24-3-2014 06:30:00,78.3466,24.0984
BUOY_14,24-3-2014 06:45:00,78.3466,24.1004
BUOY_14,24-3-2014 07:00:00,78.3464,24.1032
BUOY_14,24-3-2014 07:15:00,78.3462,24.1064
BUOY_14,24-3-2014 07:30:00,78.3458,24.1092
BUOY_14,24-3-2014 07:45:00,78.3454,24.1124
BUOY_14,24-3-2014 08:00:00,78.3448,24.1158
BUOY_14,24-3-2014 08:15:00,78.344,24.119
BUOY_14,24-3-2014 08:30:00,78.3434,24.1222
BUOY_14,24-3-2014 08:45:00,78.3424,24.1252
BUOY_14,24-3-2014 09:00:00,78.3416,24.128
BUOY_14,24-3-2014 09:15:00,78.3406,24.1308
BUOY_14,24-3-2014 09:30:00,78.3396,24.1332
BUOY_14,24-3-2014 09:45:00,78.3386,24.1356
BUOY_14,24-3-2014 10:00:00,78.3374,24.138
BUOY_14,24-3-2014 10:15:00,78.3364,24.14
BUOY_14,24-3-2014 10:30:00,78.3354,24.142
BUOY_14,24-3-2014 10:45:00,78.3344,24.144
BUOY_14,24-3-2014 11:00:00,78.3336,24.1458
BUOY_14,24-3-2014 11:15:00,78.3328,24.1478
BUOY_14,24-3-2014 11:30:00,78.3322,24.1498
BUOY_14,24-3-2014 11:45:00,78.3316,24.1516
BUOY_14,24-3-2014 12:00:00,78.3312,24.1536
BUOY_14,24-3-2014 12:15:00,78.3308,24.1554
BUOY_14,24-3-2014 12:30:00,78.3304,24.157
BUOY_14,24-3-2014 12:45:00,78.3302,24.159
BUOY_14,24-3-2014 13:00:00,78.3302,24.1606
BUOY_14,24-3-2014 13:15:00,78.3302,24.162
BUOY_14,24-3-2014 13:30:00,78.3302,24.163
BUOY_14,24-3-2014 13:45:00,78.3302,24.1634
BUOY_14,24-3-2014 14:00:00,78.3304,24.1638
BUOY_14,24-3-2014 14:15:00,78.3306,24.1644
BUOY_14,24-3-2014 14:30:00,78.331,24.1648
BUOY_14,24-3-2014 14:45:00,78.3314,24.165
BUOY_14,24-3-2014 15:00:00,78.3318,24.165
BUOY_14,24-3-2014 15:15:00,78.3324,24.1652
BUOY_14,24-3-2014 15:30:00,78.3328,24.1656
BUOY_14,24-3-2014 15:45:00,78.3336,24.1658
BUOY_14,24-3-2014 16:00:00,78.3342,24.166
BUOY_14,24-3-2014 16:15:00,78.3348,24.1664
BUOY_14,24-3-2014 16:30:00,78.3354,24.1666
BUOY_14,24-3-2014 16:45:00,78.3362,24.1668
BUOY_14,24-3-2014 17:00:00,78.3368,24.167
BUOY_14,24-3-2014 17:15:00,78.3374,24.1668
BUOY_14,24-3-2014 17:30:00,78.3378,24.167
BUOY_14,24-3-2014 17:45:00,78.3382,24.167
BUOY_14,24-3-2014 18:00:00,78.3386,24.1676
BUOY_14,24-3-2014 18:15:00,78.3388,24.168
BUOY_14,24-3-2014 18:30:00,78.339,24.1688
BUOY_14,24-3-2014 18:45:00,78.339,24.17
BUOY_14,24-3-2014 19:00:00,78.339,24.1712
BUOY_14,24-3-2014 19:15:00,78.339,24.173
BUOY_14,24-3-2014 19:30:00,78.339,24.174
BUOY_14,24-3-2014 19:45:00,78.3386,24.1774
BUOY_14,24-3-2014 20:00:00,78.3382,24.1798
BUOY_14,24-3-2014 20:15:00,78.3378,24.1824
BUOY_14,24-3-2014 20:30:00,78.3374,24.1854
BUOY_14,24-3-2014 20:45:00,78.3368,24.1884
BUOY_14,24-3-2014 21:00:00,78.336,24.1916
BUOY_14,24-3-2014 21:15:00,78.3354,24.1948
BUOY_14,24-3-2014 21:30:00,78.3346,24.198
BUOY_14,24-3-2014 21:45:00,78.3338,24.2008
BUOY_14,24-3-2014 22:00:00,78.3328,24.2036
BUOY_14,24-3-2014 22:15:00,78.332,24.206
BUOY_14,24-3-2014 22:30:00,78.331,24.2084
BUOY_14,24-3-2014 22:45:00,78.3302,24.2108
BUOY_14,24-3-2014 23:00:00,78.3294,24.2132
BUOY_14,24-3-2014 23:15:00,78.3284,24.215
BUOY_14,24-3-2014 23:30:00,78.3274,24.2168
BUOY_14,24-3-2014 23:45:00,78.3266,24.2194
BUOY_14,25-3-2014,78.326,24.2212
BUOY_14,25-3-2014 00:15:00,78.3252,24.223
BUOY_14,25-3-2014 00:30:00,78.3248,24.2252
BUOY_14,25-3-2014 00:45:00,78.3242,24.227
BUOY_14,25-3-2014 01:00:00,78.3238,24.229
BUOY_14,25-3-2014 01:15:00,78.3236,24.2308
BUOY_14,25-3-2014 01:30:00,78.3234,24.2324
BUOY_14,25-3-2014 01:45:00,78.3232,24.234
BUOY_14,25-3-2014 02:00:00,78.3232,24.2352
BUOY_14,25-3-2014 02:15:00,78.323,24.2364
BUOY_14,25-3-2014 02:30:00,78.323,24.2374
BUOY_14,25-3-2014 02:45:00,78.323,24.2382
BUOY_14,25-3-2014 03:00:00,78.323,24.239
BUOY_14,25-3-2014 03:15:00,78.323,24.2396
BUOY_14,25-3-2014 03:30:00,78.3232,24.2404
BUOY_14,25-3-2014 03:45:00,78.3232,24.241
BUOY_14,25-3-2014 04:00:00,78.3232,24.2414
BUOY_14,25-3-2014 04:15:00,78.3234,24.2422
BUOY_14,25-3-2014 04:30:00,78.3234,24.243
BUOY_14,25-3-2014 04:45:00,78.3234,24.2436
BUOY_14,25-3-2014 05:00:00,78.3234,24.2442
BUOY_14,25-3-2014 05:15:00,78.3234,24.2448
BUOY_14,25-3-2014 05:30:00,78.3234,24.2458
BUOY_14,25-3-2014 05:45:00,78.3232,24.2466
BUOY_14,25-3-2014 06:00:00,78.3232,24.248
BUOY_14,25-3-2014 06:15:00,78.3228,24.2494
BUOY_14,25-3-2014 06:30:00,78.3224,24.2508
BUOY_14,25-3-2014 06:45:00,78.322,24.2528
BUOY_14,25-3-2014 07:00:00,78.3216,24.2546
BUOY_14,25-3-2014 07:15:00,78.3212,24.2568
BUOY_14,25-3-2014 07:30:00,78.3206,24.2596
BUOY_14,25-3-2014 07:45:00,78.32,24.2626
BUOY_14,25-3-2014 08:00:00,78.3192,24.2658
BUOY_14,25-3-2014 08:15:00,78.3184,24.2696
BUOY_14,25-3-2014 08:30:00,78.3174,24.2736
BUOY_14,25-3-2014 08:45:00,78.3164,24.278
BUOY_14,25-3-2014 09:00:00,78.3148,24.2828
BUOY_14,25-3-2014 09:15:00,78.3134,24.2872
BUOY_14,25-3-2014 09:30:00,78.3118,24.2912
BUOY_14,25-3-2014 09:45:00,78.3102,24.2952
BUOY_14,25-3-2014 10:00:00,78.3084,24.2988
BUOY_14,25-3-2014 10:15:00,78.3068,24.3024
BUOY_14,25-3-2014 10:30:00,78.3052,24.306
BUOY_14,25-3-2014 10:45:00,78.3034,24.31
BUOY_14,25-3-2014 11:00:00,78.3018,24.3136
BUOY_14,25-3-2014 11:15:00,78.3004,24.317
BUOY_14,25-3-2014 11:30:00,78.2988,24.3204
BUOY_14,25-3-2014 11:45:00,78.2976,24.3232
BUOY_14,25-3-2014 12:00:00,78.2962,24.326
BUOY_14,25-3-2014 12:15:00,78.2948,24.3288
BUOY_14,25-3-2014 12:30:00,78.2936,24.3316
BUOY_14,25-3-2014 12:45:00,78.2926,24.3342
BUOY_14,25-3-2014 13:00:00,78.2916,24.3366
BUOY_14,25-3-2014 13:15:00,78.2906,24.339
BUOY_14,25-3-2014 13:30:00,78.2896,24.3412
BUOY_14,25-3-2014 13:45:00,78.2886,24.3428
BUOY_14,25-3-2014 14:00:00,78.2878,24.3444
BUOY_14,25-3-2014 14:15:00,78.287,24.3464
BUOY_14,25-3-2014 14:30:00,78.2864,24.3476
BUOY_14,25-3-2014 14:45:00,78.2858,24.3488
BUOY_14,25-3-2014 15:00:00,78.2852,24.3498
BUOY_14,25-3-2014 15:15:00,78.2846,24.351
BUOY_14,25-3-2014 15:30:00,78.2842,24.352
BUOY_14,25-3-2014 15:45:00,78.2838,24.353
BUOY_14,25-3-2014 16:00:00,78.2836,24.354
BUOY_14,25-3-2014 16:15:00,78.2832,24.3548
BUOY_14,25-3-2014 16:30:00,78.2828,24.3558
BUOY_14,25-3-2014 16:45:00,78.2826,24.3564
BUOY_14,25-3-2014 17:00:00,78.2822,24.3574
BUOY_14,25-3-2014 17:15:00,78.282,24.3582
BUOY_14,25-3-2014 17:30:00,78.2816,24.3586
BUOY_14,25-3-2014 17:45:00,78.2814,24.3592
BUOY_14,25-3-2014 18:00:00,78.281,24.3596
BUOY_14,25-3-2014 18:15:00,78.2808,24.3598
BUOY_14,25-3-2014 18:30:00,78.2806,24.36
BUOY_14,25-3-2014 18:45:00,78.2802,24.3604
BUOY_14,25-3-2014 19:00:00,78.28,24.3606
BUOY_14,25-3-2014 19:15:00,78.2798,24.361
BUOY_14,25-3-2014 19:30:00,78.2796,24.3614
BUOY_14,25-3-2014 19:45:00,78.2794,24.3622
BUOY_14,25-3-2014 20:00:00,78.2792,24.363
BUOY_14,25-3-2014 20:15:00,78.279,24.3638
BUOY_14,25-3-2014 20:30:00,78.2786,24.3648
BUOY_14,25-3-2014 20:45:00,78.2784,24.366
BUOY_14,25-3-2014 21:00:00,78.278,24.3676
BUOY_14,25-3-2014 21:15:00,78.2776,24.3692
BUOY_14,25-3-2014 21:30:00,78.2772,24.3712
BUOY_14,25-3-2014 21:45:00,78.2766,24.3734
BUOY_14,25-3-2014 22:00:00,78.2758,24.3758
BUOY_14,25-3-2014 22:15:00,78.2752,24.3782
BUOY_14,25-3-2014 22:30:00,78.2744,24.3806
BUOY_14,25-3-2014 22:45:00,78.2734,24.3832
BUOY_14,25-3-2014 23:00:00,78.2726,24.3858
BUOY_14,25-3-2014 23:15:00,78.2716,24.389
BUOY_14,25-3-2014 23:30:00,78.2702,24.3908
BUOY_14,25-3-2014 23:45:00,78.2694,24.3942
BUOY_14,26-3-2014,78.2682,24.397
BUOY_14,26-3-2014 00:15:00,78.2672,24.4
BUOY_14,26-3-2014 00:30:00,78.266,24.403
BUOY_14,26-3-2014 00:45:00,78.2648,24.406
BUOY_14,26-3-2014 01:00:00,78.2638,24.409
BUOY_14,26-3-2014 01:15:00,78.2626,24.4118
BUOY_14,26-3-2014 01:30:00,78.2616,24.4146
BUOY_14,26-3-2014 01:45:00,78.2606,24.4172
BUOY_14,26-3-2014 02:00:00,78.2596,24.42
BUOY_14,26-3-2014 02:15:00,78.2588,24.4224
BUOY_14,26-3-2014 02:30:00,78.258,24.4246
BUOY_14,26-3-2014 02:45:00,78.2574,24.4268
BUOY_14,26-3-2014 03:00:00,78.2566,24.4288
BUOY_14,26-3-2014 03:15:00,78.2562,24.4308
BUOY_14,26-3-2014 03:30:00,78.2558,24.4324
BUOY_14,26-3-2014 03:45:00,78.2554,24.4342
BUOY_14,26-3-2014 04:00:00,78.2552,24.4354
BUOY_14,26-3-2014 04:15:00,78.255,24.437
BUOY_14,26-3-2014 04:30:00,78.255,24.4382
BUOY_14,26-3-2014 04:45:00,78.2548,24.4392
BUOY_14,26-3-2014 05:00:00,78.255,24.4402
BUOY_14,26-3-2014 05:15:00,78.255,24.441
BUOY_14,26-3-2014 05:30:00,78.255,24.4418
BUOY_14,26-3-2014 05:45:00,78.2552,24.4424
BUOY_14,26-3-2014 06:00:00,78.2554,24.443
BUOY_14,26-3-2014 06:15:00,78.2558,24.4432
BUOY_14,26-3-2014 06:30:00,78.256,24.4434
BUOY_14,26-3-2014 06:45:00,78.2562,24.4434
BUOY_14,26-3-2014 07:00:00,78.2566,24.4434
BUOY_14,26-3-2014 07:15:00,78.2568,24.4436
BUOY_14,26-3-2014 07:30:00,78.2572,24.4438
BUOY_14,26-3-2014 07:45:00,78.2574,24.4442
BUOY_14,26-3-2014 08:00:00,78.2578,24.4448
BUOY_14,26-3-2014 08:15:00,78.258,24.4456
BUOY_14,26-3-2014 08:30:00,78.258,24.4462
BUOY_14,26-3-2014 08:45:00,78.258,24.4472
BUOY_14,26-3-2014 09:00:00,78.2582,24.4484
BUOY_14,26-3-2014 09:15:00,78.258,24.4496
BUOY_14,26-3-2014 09:30:00,78.258,24.4512
BUOY_14,26-3-2014 09:45:00,78.2578,24.4528
BUOY_14,26-3-2014 10:00:00,78.2574,24.4544
BUOY_14,26-3-2014 10:15:00,78.2572,24.4564
BUOY_14,26-3-2014 10:30:00,78.2566,24.4584
BUOY_14,26-3-2014 10:45:00,78.2562,24.4606
BUOY_14,26-3-2014 11:00:00,78.2558,24.4446
BUOY_14,26-3-2014 11:15:00,78.255,24.465
BUOY_14,26-3-2014 11:30:00,78.2542,24.467
BUOY_14,26-3-2014 11:45:00,78.2534,24.469
BUOY_14,26-3-2014 12:00:00,78.2526,24.4712
BUOY_14,26-3-2014 12:15:00,78.252,24.4732
BUOY_14,26-3-2014 12:30:00,78.2512,24.4752
BUOY_14,26-3-2014 12:45:00,78.2504,24.4772
BUOY_14,26-3-2014 13:00:00,78.2496,24.4788
BUOY_14,26-3-2014 13:15:00,78.2488,24.4802
BUOY_14,26-3-2014 13:30:00,78.248,24.4816
BUOY_14,26-3-2014 13:45:00,78.2472,24.4828
BUOY_14,26-3-2014 14:00:00,78.2466,24.4838
BUOY_14,26-3-2014 14:15:00,78.246,24.4848
BUOY_14,26-3-2014 14:30:00,78.2454,24.4854
BUOY_14,26-3-2014 14:45:00,78.2448,24.4858
BUOY_14,26-3-2014 15:00:00,78.2444,24.4872
BUOY_14,26-3-2014 15:15:00,78.2442,24.4872
BUOY_14,26-3-2014 15:30:00,78.2438,24.4874
BUOY_14,26-3-2014 15:45:00,78.2438,24.4874
BUOY_14,26-3-2014 16:00:00,78.2436,24.4872
BUOY_14,26-3-2014 16:15:00,78.2436,24.4868
BUOY_14,26-3-2014 16:30:00,78.2438,24.4864
BUOY_14,26-3-2014 16:45:00,78.2438,24.4858
BUOY_14,26-3-2014 17:00:00,78.2442,24.4848
BUOY_14,26-3-2014 17:15:00,78.2444,24.4838
BUOY_14,26-3-2014 17:30:00,78.2448,24.483
BUOY_14,26-3-2014 17:45:00,78.2454,24.4818
BUOY_14,26-3-2014 18:00:00,78.2458,24.4806
BUOY_14,26-3-2014 18:15:00,78.2464,24.4796
BUOY_14,26-3-2014 18:30:00,78.247,24.4784
BUOY_14,26-3-2014 18:45:00,78.2476,24.4772
BUOY_14,26-3-2014 19:00:00,78.2482,24.476
BUOY_14,26-3-2014 19:15:00,78.2488,24.474
BUOY_14,26-3-2014 19:30:00,78.2494,24.4736
BUOY_14,26-3-2014 19:45:00,78.25,24.4726
BUOY_14,26-3-2014 20:00:00,78.2506,24.4716
BUOY_14,26-3-2014 20:15:00,78.2512,24.4708
BUOY_14,26-3-2014 20:30:00,78.2518,24.47
BUOY_14,26-3-2014 20:45:00,78.2522,24.4694
BUOY_14,26-3-2014 21:00:00,78.2526,24.4686
BUOY_14,26-3-2014 21:15:00,78.253,24.4678
BUOY_14,26-3-2014 21:30:00,78.2532,24.4674
BUOY_14,26-3-2014 21:45:00,78.2534,24.467
BUOY_14,26-3-2014 22:00:00,78.2536,24.4668
BUOY_14,26-3-2014 22:15:00,78.2536,24.467
BUOY_14,26-3-2014 22:30:00,78.2536,24.4674
BUOY_14,26-3-2014 22:45:00,78.2534,24.468
BUOY_14,26-3-2014 23:00:00,78.2532,24.4686
BUOY_14,26-3-2014 23:15:00,78.2528,24.4694
BUOY_14,26-3-2014 23:30:00,78.2524,24.4702
BUOY_14,26-3-2014 23:45:00,78.252,24.4712
BUOY_14,27-3-2014,78.2516,24.472
BUOY_14,27-3-2014 00:15:00,78.251,24.4728
BUOY_14,27-3-2014 00:30:00,78.2504,24.4738
BUOY_14,27-3-2014 00:45:00,78.25,24.4746
BUOY_14,27-3-2014 01:00:00,78.2494,24.4754
BUOY_14,27-3-2014 01:15:00,78.2488,24.476
BUOY_14,27-3-2014 01:30:00,78.2484,24.4768
BUOY_14,27-3-2014 01:45:00,78.2478,24.4774
BUOY_14,27-3-2014 02:00:00,78.2472,24.4778
BUOY_14,27-3-2014 02:15:00,78.2468,24.4782
BUOY_14,27-3-2014 02:30:00,78.2464,24.4784
BUOY_14,27-3-2014 02:45:00,78.2462,24.4786
BUOY_14,27-3-2014 03:00:00,78.246,24.479
BUOY_14,27-3-2014 03:15:00,78.2458,24.4788
BUOY_14,27-3-2014 03:30:00,78.2458,24.4788
BUOY_14,27-3-2014 03:45:00,78.2458,24.4786
BUOY_14,27-3-2014 04:00:00,78.2458,24.478
BUOY_14,27-3-2014 04:15:00,78.246,24.4774
BUOY_14,27-3-2014 04:30:00,78.246,24.477
BUOY_14,27-3-2014 04:45:00,78.2462,24.4762
BUOY_14,27-3-2014 05:00:00,78.2464,24.4756
BUOY_14,27-3-2014 05:15:00,78.2466,24.4746
BUOY_14,27-3-2014 05:30:00,78.247,24.4736
BUOY_14,27-3-2014 05:45:00,78.2474,24.4724
BUOY_14,27-3-2014 06:00:00,78.248,24.4714
BUOY_14,27-3-2014 06:15:00,78.2484,24.47
BUOY_14,27-3-2014 06:30:00,78.249,24.4688
BUOY_14,27-3-2014 06:45:00,78.2498,24.4674
BUOY_14,27-3-2014 07:00:00,78.2504,24.466
BUOY_14,27-3-2014 07:15:00,78.2512,24.4648
BUOY_14,27-3-2014 07:30:00,78.252,24.4634
BUOY_14,27-3-2014 07:45:00,78.2528,24.4622
BUOY_14,27-3-2014 08:00:00,78.2538,24.4608
BUOY_14,27-3-2014 08:15:00,78.2546,24.4594
BUOY_14,27-3-2014 08:30:00,78.2556,24.4582
BUOY_14,27-3-2014 08:45:00,78.2566,24.457
BUOY_14,27-3-2014 09:00:00,78.2574,24.4558
BUOY_14,27-3-2014 09:15:00,78.2584,24.4548
BUOY_14,27-3-2014 09:30:00,78.2594,24.4538
BUOY_14,27-3-2014 09:45:00,78.26,24.4528
BUOY_14,27-3-2014 10:00:00,78.261,24.4522
BUOY_14,27-3-2014 10:15:00,78.2618,24.4516
BUOY_14,27-3-2014 10:30:00,78.2624,24.4512
BUOY_14,27-3-2014 10:45:00,78.2632,24.4512
BUOY_14,27-3-2014 11:00:00,78.2638,24.4514
BUOY_14,27-3-2014 11:15:00,78.2644,24.4516
BUOY_14,27-3-2014 11:30:00,78.265,24.4524
BUOY_14,27-3-2014 11:45:00,78.2656,24.4532
BUOY_14,27-3-2014 12:00:00,78.2662,24.4546
BUOY_14,27-3-2014 12:15:00,78.2666,24.4562
BUOY_14,27-3-2014 12:30:00,78.267,24.4578
BUOY_14,27-3-2014 12:45:00,78.2674,24.4596
BUOY_14,27-3-2014 13:00:00,78.2678,24.4614
BUOY_14,27-3-2014 13:15:00,78.268,24.4636
BUOY_14,27-3-2014 13:30:00,78.2684,24.4652
BUOY_14,27-3-2014 13:45:00,78.2688,24.467
BUOY_14,27-3-2014 14:00:00,78.2692,24.4688
BUOY_14,27-3-2014 14:15:00,78.2698,24.4702
BUOY_14,27-3-2014 14:30:00,78.2702,24.4714
BUOY_14,27-3-2014 14:45:00,78.271,24.4726
BUOY_14,27-3-2014 15:00:00,78.2716,24.4738
BUOY_14,27-3-2014 15:15:00,78.2724,24.4752
BUOY_14,27-3-2014 15:30:00,78.2734,24.4762
BUOY_14,27-3-2014 15:45:00,78.2744,24.4772
BUOY_14,27-3-2014 16:00:00,78.2756,24.4778
BUOY_14,27-3-2014 16:15:00,78.277,24.4784
BUOY_14,27-3-2014 16:30:00,78.2784,24.4788
BUOY_14,27-3-2014 16:45:00,78.28,24.4794
BUOY_14,27-3-2014 17:00:00,78.282,24.4798
BUOY_14,27-3-2014 17:15:00,78.2838,24.4802
BUOY_14,27-3-2014 17:30:00,78.286,24.4808
BUOY_14,27-3-2014 17:45:00,78.2882,24.4816
BUOY_14,27-3-2014 18:00:00,78.2906,24.482
BUOY_14,27-3-2014 18:15:00,78.293,24.4822
BUOY_14,27-3-2014 18:30:00,78.2956,24.4828
BUOY_14,27-3-2014 18:45:00,78.2984,24.4838
BUOY_14,27-3-2014 19:00:00,78.3012,24.4846
BUOY_14,27-3-2014 19:15:00,78.3044,24.4846
BUOY_14,27-3-2014 19:30:00,78.3076,24.486
BUOY_14,27-3-2014 19:45:00,78.3108,24.4862
BUOY_14,27-3-2014 20:00:00,78.314,24.4866
BUOY_14,27-3-2014 20:15:00,78.3174,24.4866
BUOY_14,27-3-2014 20:30:00,78.3208,24.4868
BUOY_14,27-3-2014 20:45:00,78.3242,24.4872
BUOY_14,27-3-2014 21:00:00,78.3278,24.4878
BUOY_14,27-3-2014 21:15:00,78.3312,24.489
BUOY_14,27-3-2014 21:30:00,78.3348,24.4904
BUOY_14,27-3-2014 21:45:00,78.3382,24.4926
BUOY_14,27-3-2014 22:00:00,78.3418,24.4952
BUOY_14,27-3-2014 22:15:00,78.345,24.498
BUOY_14,27-3-2014 22:30:00,78.3484,24.5012
BUOY_14,27-3-2014 22:45:00,78.3518,24.5046
BUOY_14,27-3-2014 23:00:00,78.355,24.5088
BUOY_14,27-3-2014 23:15:00,78.3576,24.5118
BUOY_14,27-3-2014 23:30:00,78.3608,24.518
BUOY_14,27-3-2014 23:45:00,78.3632,24.5234
BUOY_14,28-3-2014,78.3654,24.5294
BUOY_14,28-3-2014 00:15:00,78.3674,24.536
BUOY_14,28-3-2014 00:30:00,78.369,24.5432
BUOY_14,28-3-2014 00:45:00,78.3702,24.551
BUOY_14,28-3-2014 01:00:00,78.3712,24.5596
BUOY_14,28-3-2014 01:15:00,78.372,24.569
BUOY_14,28-3-2014 01:30:00,78.3724,24.5792
BUOY_14,28-3-2014 01:45:00,78.3726,24.5896
BUOY_14,28-3-2014 02:00:00,78.3724,24.6004
BUOY_14,28-3-2014 02:15:00,78.3722,24.6106
BUOY_14,28-3-2014 02:30:00,78.3716,24.6208
BUOY_14,28-3-2014 02:45:00,78.3708,24.6304
BUOY_14,28-3-2014 03:00:00,78.3698,24.6398
BUOY_14,28-3-2014 03:15:00,78.3688,24.6486
BUOY_14,28-3-2014 03:30:00,78.3674,24.657
BUOY_14,28-3-2014 03:45:00,78.366,24.6648
BUOY_14,28-3-2014 04:00:00,78.3646,24.6726
BUOY_14,28-3-2014 04:15:00,78.363,24.6802
BUOY_14,28-3-2014 04:30:00,78.3614,24.6874
BUOY_14,28-3-2014 04:45:00,78.36,24.6942
BUOY_14,28-3-2014 05:00:00,78.3586,24.7006
BUOY_14,28-3-2014 05:15:00,78.3572,24.7068
BUOY_14,28-3-2014 05:30:00,78.3558,24.7126
BUOY_14,28-3-2014 05:45:00,78.3546,24.718
BUOY_14,28-3-2014 06:00:00,78.3536,24.7232
BUOY_14,28-3-2014 06:15:00,78.3526,24.7286
BUOY_14,28-3-2014 06:30:00,78.3516,24.734
BUOY_14,28-3-2014 06:45:00,78.351,24.7392
BUOY_14,28-3-2014 07:00:00,78.3502,24.7444
BUOY_14,28-3-2014 07:15:00,78.3496,24.7494
BUOY_14,28-3-2014 07:30:00,78.349,24.7536
BUOY_14,28-3-2014 07:45:00,78.3486,24.7578
BUOY_14,28-3-2014 08:00:00,78.3484,24.7616
BUOY_14,28-3-2014 08:15:00,78.3482,24.7654
BUOY_14,28-3-2014 08:30:00,78.348,24.769
BUOY_14,28-3-2014 08:45:00,78.3478,24.7726
BUOY_14,28-3-2014 09:00:00,78.3476,24.7764
BUOY_14,28-3-2014 09:15:00,78.3476,24.78
BUOY_14,28-3-2014 09:30:00,78.3474,24.784
BUOY_14,28-3-2014 09:45:00,78.3474,24.7882
BUOY_14,28-3-2014 10:00:00,78.3472,24.793
BUOY_14,28-3-2014 10:15:00,78.347,24.798
BUOY_14,28-3-2014 10:30:00,78.3466,24.8036
BUOY_14,28-3-2014 10:45:00,78.3464,24.8094
BUOY_14,28-3-2014 11:00:00,78.346,24.8158
BUOY_14,28-3-2014 11:15:00,78.3454,24.8228
BUOY_14,28-3-2014 11:30:00,78.3448,24.8304
BUOY_14,28-3-2014 11:45:00,78.344,24.8386
BUOY_14,28-3-2014 12:00:00,78.343,24.8478
BUOY_14,28-3-2014 12:15:00,78.342,24.8566
BUOY_14,28-3-2014 12:30:00,78.3408,24.866
BUOY_14,28-3-2014 12:45:00,78.3394,24.876
BUOY_14,28-3-2014 13:00:00,78.3378,24.886
BUOY_14,28-3-2014 13:15:00,78.336,24.896
BUOY_14,28-3-2014 13:30:00,78.334,24.9062
BUOY_14,28-3-2014 13:45:00,78.3318,24.9164
BUOY_14,28-3-2014 14:00:00,78.3294,24.9266
BUOY_14,28-3-2014 14:15:00,78.327,24.9368
BUOY_14,28-3-2014 14:30:00,78.3246,24.9476
BUOY_14,28-3-2014 14:45:00,78.3216,24.9584
BUOY_14,28-3-2014 15:00:00,78.3188,24.968
BUOY_14,28-3-2014 15:15:00,78.3156,24.977
BUOY_14,28-3-2014 15:30:00,78.3122,24.984
BUOY_14,28-3-2014 15:45:00,78.3088,24.9894
BUOY_14,28-3-2014 16:00:00,78.3052,24.9934
BUOY_14,28-3-2014 16:15:00,78.3018,24.9964
BUOY_14,28-3-2014 16:30:00,78.2982,24.9988
BUOY_14,28-3-2014 16:45:00,78.2948,25.0008
BUOY_14,28-3-2014 17:00:00,78.2916,25.0028
BUOY_14,28-3-2014 17:15:00,78.2884,25.0046
BUOY_14,28-3-2014 17:30:00,78.2852,25.0066
BUOY_14,28-3-2014 17:45:00,78.282,25.009
BUOY_14,28-3-2014 18:00:00,78.279,25.0116
BUOY_14,28-3-2014 18:15:00,78.2762,25.0148
BUOY_14,28-3-2014 18:30:00,78.2732,25.0176
BUOY_14,28-3-2014 18:45:00,78.2704,25.0208
BUOY_14,28-3-2014 19:00:00,78.2676,25.0244
BUOY_14,28-3-2014 19:15:00,78.2648,25.0276
BUOY_14,28-3-2014 19:30:00,78.262,25.0308
BUOY_14,28-3-2014 19:45:00,78.2592,25.0338
BUOY_14,28-3-2014 20:00:00,78.2566,25.0368
BUOY_14,28-3-2014 20:15:00,78.2538,25.0396
BUOY_14,28-3-2014 20:30:00,78.2512,25.0422
BUOY_14,28-3-2014 20:45:00,78.2486,25.0448
BUOY_14,28-3-2014 21:00:00,78.246,25.0476
BUOY_14,28-3-2014 21:15:00,78.2434,25.0504
BUOY_14,28-3-2014 21:30:00,78.2408,25.0532
BUOY_14,28-3-2014 21:45:00,78.2382,25.0556
BUOY_14,28-3-2014 22:00:00,78.2354,25.0582
BUOY_14,28-3-2014 22:15:00,78.2328,25.0606
BUOY_14,28-3-2014 22:30:00,78.23,25.0634
BUOY_14,28-3-2014 22:45:00,78.2272,25.0664
BUOY_14,28-3-2014 23:00:00,78.2242,25.0694
BUOY_14,28-3-2014 23:15:00,78.221,25.073
BUOY_14,28-3-2014 23:30:00,78.2178,25.077
BUOY_14,28-3-2014 23:45:00,78.2144,25.081
BUOY_14,29-3-2014,78.2108,25.0854
BUOY_14,29-3-2014 00:15:00,78.2072,25.0896
BUOY_14,29-3-2014 00:30:00,78.2034,25.0944
BUOY_14,29-3-2014 00:45:00,78.1994,25.0992
BUOY_14,29-3-2014 01:00:00,78.1952,25.104
BUOY_14,29-3-2014 01:15:00,78.1908,25.1088
BUOY_14,29-3-2014 01:30:00,78.1862,25.1136
BUOY_14,29-3-2014 01:45:00,78.1812,25.1184
BUOY_14,29-3-2014 02:00:00,78.1758,25.1228
BUOY_14,29-3-2014 02:15:00,78.1704,25.127
BUOY_14,29-3-2014 02:30:00,78.1648,25.131
BUOY_14,29-3-2014 02:45:00,78.1588,25.136
BUOY_14,29-3-2014 03:00:00,78.1528,25.138
BUOY_14,29-3-2014 03:15:00,78.1466,25.142
BUOY_14,29-3-2014 03:30:00,78.1404,25.1454
BUOY_14,29-3-2014 03:45:00,78.134,25.1482
BUOY_14,29-3-2014 04:00:00,78.1276,25.1508
BUOY_14,29-3-2014 04:15:00,78.121,25.153
BUOY_14,29-3-2014 04:30:00,78.1144,25.155
BUOY_14,29-3-2014 04:45:00,78.1078,25.157
BUOY_14,29-3-2014 05:00:00,78.1014,25.159
BUOY_14,29-3-2014 05:15:00,78.0946,25.1612
BUOY_14,29-3-2014 05:30:00,78.088,25.164
BUOY_14,29-3-2014 05:45:00,78.0816,25.1664
BUOY_14,29-3-2014 06:00:00,78.0752,25.1702
BUOY_14,29-3-2014 06:15:00,78.069,25.173
BUOY_14,29-3-2014 06:30:00,78.0628,25.176
BUOY_14,29-3-2014 06:45:00,78.0568,25.1792
BUOY_14,29-3-2014 07:00:00,78.051,25.1826
BUOY_14,29-3-2014 07:15:00,78.0452,25.186
BUOY_14,29-3-2014 07:30:00,78.0396,25.1894
BUOY_14,29-3-2014 07:45:00,78.034,25.1932
BUOY_14,29-3-2014 08:00:00,78.0286,25.1968
BUOY_14,29-3-2014 08:15:00,78.0234,25.2004
BUOY_14,29-3-2014 08:30:00,78.0186,25.205
BUOY_14,29-3-2014 08:45:00,78.014,25.21
BUOY_14,29-3-2014 09:00:00,78.0096,25.2148
BUOY_14,29-3-2014 09:15:00,78.0056,25.2196
BUOY_14,29-3-2014 09:30:00,78.0014,25.2244
BUOY_14,29-3-2014 09:45:00,77.9972,25.2292
BUOY_14,29-3-2014 10:00:00,77.9932,25.2338
BUOY_14,29-3-2014 10:15:00,77.9892,25.2386
BUOY_14,29-3-2014 10:30:00,77.9854,25.2434
BUOY_14,29-3-2014 10:45:00,77.9814,25.2478
BUOY_14,29-3-2014 11:00:00,77.9776,25.2526
BUOY_14,29-3-2014 11:15:00,77.9738,25.2572
BUOY_14,29-3-2014 11:30:00,77.97,25.2622
BUOY_14,29-3-2014 11:45:00,77.966,25.2682
BUOY_14,29-3-2014 12:00:00,77.9622,25.2738
BUOY_14,29-3-2014 12:15:00,77.9584,25.2798
BUOY_14,29-3-2014 12:30:00,77.9546,25.2858
BUOY_14,29-3-2014 12:45:00,77.9508,25.292
BUOY_14,29-3-2014 13:00:00,77.9468,25.298
BUOY_14,29-3-2014 13:15:00,77.9426,25.3036
BUOY_14,29-3-2014 13:30:00,77.9382,25.3094
BUOY_14,29-3-2014 13:45:00,77.9338,25.3142
BUOY_14,29-3-2014 14:00:00,77.929,25.3192
BUOY_14,29-3-2014 14:15:00,77.9242,25.3234
BUOY_14,29-3-2014 14:30:00,77.9188,25.3266
BUOY_14,29-3-2014 14:45:00,77.9132,25.3294
BUOY_14,29-3-2014 15:00:00,77.9074,25.3318
BUOY_14,29-3-2014 15:15:00,77.9016,25.3338
BUOY_14,29-3-2014 15:30:00,77.896,25.336
BUOY_14,29-3-2014 15:45:00,77.8906,25.339
BUOY_14,29-3-2014 16:00:00,77.8852,25.3418
BUOY_14,29-3-2014 16:15:00,77.8796,25.3446
BUOY_14,29-3-2014 16:30:00,77.8736,25.3466
BUOY_14,29-3-2014 16:45:00,77.868,25.3494
BUOY_14,29-3-2014 17:00:00,77.8626,25.3542
BUOY_14,29-3-2014 17:15:00,77.8568,25.3574
BUOY_14,29-3-2014 17:30:00,77.8512,25.3596
BUOY_14,29-3-2014 17:45:00,77.8454,25.3616
BUOY_14,29-3-2014 18:00:00,77.8398,25.363
BUOY_14,29-3-2014 18:15:00,77.8342,25.3652
BUOY_14,29-3-2014 18:30:00,77.8286,25.3656
BUOY_14,29-3-2014 18:45:00,77.823,25.3654
BUOY_14,29-3-2014 19:00:00,77.8172,25.3642
BUOY_14,29-3-2014 19:15:00,77.812,25.361
BUOY_14,29-3-2014 19:30:00,77.8064,25.3554
BUOY_14,29-3-2014 19:45:00,77.8012,25.3488
BUOY_14,29-3-2014 20:00:00,77.796,25.3416
BUOY_14,29-3-2014 20:15:00,77.7912,25.334
BUOY_14,29-3-2014 20:30:00,77.7868,25.3274
BUOY_14,29-3-2014 20:45:00,77.7828,25.3212
BUOY_14,29-3-2014 21:00:00,77.779,25.3158
BUOY_14,29-3-2014 21:15:00,77.7756,25.3122
BUOY_14,29-3-2014 21:30:00,77.7722,25.3092
BUOY_14,29-3-2014 21:45:00,77.7692,25.3058
BUOY_14,29-3-2014 22:00:00,77.7662,25.303
BUOY_14,29-3-2014 22:15:00,77.7632,25.3002
BUOY_14,29-3-2014 22:30:00,77.7602,25.2978
BUOY_14,29-3-2014 22:45:00,77.7574,25.2958
BUOY_14,29-3-2014 23:00:00,77.7544,25.2934
BUOY_14,29-3-2014 23:15:00,77.7516,25.291
BUOY_14,29-3-2014 23:30:00,77.7488,25.2882
BUOY_14,29-3-2014 23:45:00,77.7462,25.2856
BUOY_14,30-3-2014,77.7438,25.2838
BUOY_14,30-3-2014 00:15:00,77.7416,25.2826
BUOY_14,30-3-2014 00:30:00,77.7392,25.2812
BUOY_14,30-3-2014 00:45:00,77.7368,25.2798
BUOY_14,30-3-2014 01:00:00,77.7344,25.2786
BUOY_14,30-3-2014 01:15:00,77.7318,25.276
BUOY_14,30-3-2014 01:30:00,77.7292,25.2716
BUOY_14,30-3-2014 01:45:00,77.7264,25.2668
BUOY_14,30-3-2014 02:00:00,77.7234,25.2616
BUOY_14,30-3-2014 02:15:00,77.7204,25.2564
BUOY_14,30-3-2014 02:30:00,77.7176,25.2504
BUOY_14,30-3-2014 02:45:00,77.7144,25.2442
BUOY_14,30-3-2014 03:00:00,77.7114,25.2374
BUOY_14,30-3-2014 03:15:00,77.708,25.2298
BUOY_14,30-3-2014 03:30:00,77.7044,25.2218
BUOY_14,30-3-2014 03:45:00,77.7006,25.2124
BUOY_14,30-3-2014 04:00:00,77.6968,25.2024
BUOY_14,30-3-2014 04:15:00,77.6926,25.1922
BUOY_14,30-3-2014 04:30:00,77.6882,25.1816
BUOY_14,30-3-2014 04:45:00,77.6832,25.1702
BUOY_14,30-3-2014 05:00:00,77.6782,25.1594
BUOY_14,30-3-2014 05:15:00,77.673,25.1496
BUOY_14,30-3-2014 05:30:00,77.6678,25.1398
BUOY_14,30-3-2014 05:45:00,77.6624,25.1302
BUOY_14,30-3-2014 06:00:00,77.657,25.1212
BUOY_14,30-3-2014 06:15:00,77.6516,25.1122
BUOY_14,30-3-2014 06:30:00,77.6464,25.1034
BUOY_14,30-3-2014 06:45:00,77.641,25.0944
BUOY_14,30-3-2014 07:00:00,77.6358,25.0848
BUOY_14,30-3-2014 07:15:00,77.6306,25.0754
BUOY_14,30-3-2014 07:30:00,77.6256,25.0652
BUOY_14,30-3-2014 07:45:00,77.6212,25.055
BUOY_14,30-3-2014 08:00:00,77.617,25.0448
BUOY_14,30-3-2014 08:15:00,77.6132,25.0344
BUOY_14,30-3-2014 08:30:00,77.61,25.0248
BUOY_14,30-3-2014 08:45:00,77.607,25.0158
BUOY_14,30-3-2014 09:00:00,77.6046,25.0076
BUOY_14,30-3-2014 09:15:00,77.6026,24.9998
BUOY_14,30-3-2014 09:30:00,77.601,24.9924
BUOY_14,30-3-2014 09:45:00,77.5998,24.9864
BUOY_14,30-3-2014 10:00:00,77.5992,24.9818
BUOY_14,30-3-2014 10:15:00,77.5984,24.979
BUOY_14,30-3-2014 10:30:00,77.598,24.9768
BUOY_14,30-3-2014 10:45:00,77.5978,24.9752
BUOY_14,30-3-2014 11:00:00,77.598,24.975
BUOY_14,30-3-2014 11:15:00,77.5984,24.976
BUOY_14,30-3-2014 11:30:00,77.599,24.9784
BUOY_14,30-3-2014 11:45:00,77.5998,24.982
BUOY_14,30-3-2014 12:00:00,77.6008,24.9864
BUOY_14,30-3-2014 12:15:00,77.6016,24.99
BUOY_14,30-3-2014 12:30:00,77.6024,24.9944
BUOY_14,30-3-2014 12:45:00,77.6028,24.9984
BUOY_14,30-3-2014 13:00:00,77.603,25.0022
BUOY_14,30-3-2014 13:15:00,77.603,25.006
BUOY_14,30-3-2014 13:30:00,77.6028,25.0102
BUOY_14,30-3-2014 13:45:00,77.6024,25.0138
BUOY_14,30-3-2014 14:00:00,77.6016,25.0166
BUOY_14,30-3-2014 14:15:00,77.6004,25.0192
BUOY_14,30-3-2014 14:30:00,77.599,25.0218
BUOY_14,30-3-2014 14:45:00,77.5974,25.0238
BUOY_14,30-3-2014 15:00:00,77.5952,25.0254
BUOY_14,30-3-2014 15:15:00,77.5928,25.0266
BUOY_14,30-3-2014 15:30:00,77.5898,25.0268
BUOY_14,30-3-2014 15:45:00,77.5866,25.0264
BUOY_14,30-3-2014 16:00:00,77.5834,25.0254
BUOY_14,30-3-2014 16:15:00,77.58,25.0238
BUOY_14,30-3-2014 16:30:00,77.5764,25.0216
BUOY_14,30-3-2014 16:45:00,77.5724,25.0186
BUOY_14,30-3-2014 17:00:00,77.5686,25.0154
BUOY_14,30-3-2014 17:15:00,77.5644,25.0116
BUOY_14,30-3-2014 17:30:00,77.56,25.0066
BUOY_14,30-3-2014 17:45:00,77.5556,25.0008
BUOY_14,30-3-2014 18:00:00,77.551,24.9942
BUOY_14,30-3-2014 18:15:00,77.5462,24.9872
BUOY_14,30-3-2014 18:30:00,77.5418,24.9798
BUOY_14,30-3-2014 18:45:00,77.5374,24.9722
BUOY_14,30-3-2014 19:00:00,77.533,24.9644
BUOY_14,30-3-2014 19:15:00,77.5288,24.9572
BUOY_14,30-3-2014 19:30:00,77.5248,24.9502
BUOY_14,30-3-2014 19:45:00,77.521,24.9436
BUOY_14,30-3-2014 20:00:00,77.5176,24.9376
BUOY_14,30-3-2014 20:15:00,77.5146,24.932
BUOY_14,30-3-2014 20:30:00,77.5118,24.927
BUOY_14,30-3-2014 20:45:00,77.5094,24.9224
BUOY_14,30-3-2014 21:00:00,77.5074,24.9188
BUOY_14,30-3-2014 21:15:00,77.5056,24.9156
BUOY_14,30-3-2014 21:30:00,77.5042,24.9138
BUOY_14,30-3-2014 21:45:00,77.5032,24.913
BUOY_14,30-3-2014 22:00:00,77.5026,24.913
BUOY_14,30-3-2014 22:15:00,77.5024,24.9138
BUOY_14,30-3-2014 22:30:00,77.5024,24.9154
BUOY_14,30-3-2014 22:45:00,77.5028,24.9178
BUOY_14,30-3-2014 23:00:00,77.5032,24.9216
BUOY_14,30-3-2014 23:15:00,77.5038,24.9264
BUOY_14,30-3-2014 23:30:00,77.5042,24.9316
BUOY_14,30-3-2014 23:45:00,77.505,24.9378
BUOY_14,31-3-2014,77.5058,24.9438
BUOY_14,31-3-2014 00:15:00,77.5066,24.9512
BUOY_14,31-3-2014 00:30:00,77.5076,24.9596
BUOY_14,31-3-2014 00:45:00,77.5082,24.9686
BUOY_14,31-3-2014 01:00:00,77.5086,24.9776
BUOY_14,31-3-2014 01:15:00,77.509,24.9864
BUOY_14,31-3-2014 01:30:00,77.5088,24.9956
BUOY_14,31-3-2014 01:45:00,77.5084,25.0042
BUOY_14,31-3-2014 02:00:00,77.5076,25.0126
BUOY_14,31-3-2014 02:15:00,77.5066,25.0196
BUOY_14,31-3-2014 02:30:00,77.5052,25.0258
BUOY_14,31-3-2014 02:45:00,77.5032,25.0314
BUOY_14,31-3-2014 03:00:00,77.5012,25.0364
BUOY_14,31-3-2014 03:15:00,77.4986,25.0406
BUOY_14,31-3-2014 03:30:00,77.4958,25.0444
BUOY_14,31-3-2014 03:45:00,77.4926,25.0472
BUOY_14,31-3-2014 04:00:00,77.489,25.049
BUOY_14,31-3-2014 04:15:00,77.4854,25.0492
BUOY_14,31-3-2014 04:30:00,77.4812,25.048
BUOY_14,31-3-2014 04:45:00,77.4768,25.0452
BUOY_14,31-3-2014 05:00:00,77.4722,25.0408
BUOY_14,31-3-2014 05:15:00,77.4672,25.0346
BUOY_14,31-3-2014 05:30:00,77.4622,25.0268
BUOY_14,31-3-2014 05:45:00,77.457,25.0174
BUOY_14,31-3-2014 06:00:00,77.4518,25.0066
BUOY_14,31-3-2014 06:15:00,77.4466,24.9948
BUOY_14,31-3-2014 06:30:00,77.4414,24.9816
BUOY_14,31-3-2014 06:45:00,77.4362,24.9674
BUOY_14,31-3-2014 07:00:00,77.4308,24.9518
BUOY_14,31-3-2014 07:15:00,77.4258,24.936
BUOY_14,31-3-2014 07:30:00,77.4208,24.9192
BUOY_14,31-3-2014 07:45:00,77.416,24.902
BUOY_14,31-3-2014 08:00:00,77.4114,24.8848
BUOY_14,31-3-2014 08:15:00,77.4072,24.8678
BUOY_14,31-3-2014 08:30:00,77.4032,24.851
BUOY_14,31-3-2014 08:45:00,77.3996,24.8348
BUOY_14,31-3-2014 09:00:00,77.3962,24.8194
BUOY_14,31-3-2014 09:15:00,77.3932,24.8044
BUOY_14,31-3-2014 09:30:00,77.3908,24.791
BUOY_14,31-3-2014 09:45:00,77.3886,24.779
BUOY_14,31-3-2014 10:00:00,77.387,24.7694
BUOY_14,31-3-2014 10:15:00,77.3856,24.7612
BUOY_14,31-3-2014 10:30:00,77.3848,24.7552
BUOY_14,31-3-2014 10:45:00,77.3842,24.7512
BUOY_14,31-3-2014 11:00:00,77.3842,24.7496
BUOY_14,31-3-2014 11:15:00,77.3844,24.7494
BUOY_14,31-3-2014 11:30:00,77.3848,24.752
BUOY_14,31-3-2014 11:45:00,77.3854,24.7566
BUOY_14,31-3-2014 12:00:00,77.3862,24.7636
BUOY_14,31-3-2014 12:15:00,77.387,24.7722
BUOY_14,31-3-2014 12:30:00,77.3882,24.7834
BUOY_14,31-3-2014 12:45:00,77.3894,24.7966
BUOY_14,31-3-2014 13:00:00,77.3906,24.8116
BUOY_14,31-3-2014 13:15:00,77.3916,24.8274
BUOY_14,31-3-2014 13:30:00,77.3924,24.8436
BUOY_14,31-3-2014 13:45:00,77.393,24.8608
BUOY_14,31-3-2014 14:00:00,77.3932,24.8782
BUOY_14,31-3-2014 14:15:00,77.393,24.8944
BUOY_14,31-3-2014 14:30:00,77.3924,24.9098
BUOY_14,31-3-2014 14:45:00,77.3914,24.9244
BUOY_14,31-3-2014 15:00:00,77.3896,24.9374
BUOY_14,31-3-2014 15:15:00,77.3876,24.948
BUOY_14,31-3-2014 15:30:00,77.3852,24.9582
BUOY_14,31-3-2014 15:45:00,77.3824,24.9666
BUOY_14,31-3-2014 16:00:00,77.3794,24.9736
BUOY_14,31-3-2014 16:15:00,77.376,24.9784
BUOY_14,31-3-2014 16:30:00,77.3722,24.9818
BUOY_14,31-3-2014 16:45:00,77.368,24.9836
BUOY_14,31-3-2014 17:00:00,77.3636,24.984
BUOY_14,31-3-2014 17:15:00,77.3592,24.9826
BUOY_14,31-3-2014 17:30:00,77.3544,24.9798
BUOY_14,31-3-2014 17:45:00,77.3494,24.9752
BUOY_14,31-3-2014 18:00:00,77.3446,24.969
BUOY_14,31-3-2014 18:15:00,77.3396,24.9606
BUOY_14,31-3-2014 18:30:00,77.3346,24.951
BUOY_14,31-3-2014 18:45:00,77.3296,24.9396
BUOY_14,31-3-2014 19:00:00,77.3248,24.927
BUOY_14,31-3-2014 19:15:00,77.32,24.913
BUOY_14,31-3-2014 19:30:00,77.3152,24.8978
BUOY_14,31-3-2014 19:45:00,77.3108,24.882
BUOY_14,31-3-2014 20:00:00,77.3064,24.865
BUOY_14,31-3-2014 20:15:00,77.3024,24.8484
BUOY_14,31-3-2014 20:30:00,77.2988,24.8314
BUOY_14,31-3-2014 20:45:00,77.2954,24.8144
BUOY_14,31-3-2014 21:00:00,77.2922,24.7978
BUOY_14,31-3-2014 21:15:00,77.2894,24.782
BUOY_14,31-3-2014 21:30:00,77.287,24.7672
BUOY_14,31-3-2014 21:45:00,77.285,24.7536
BUOY_14,31-3-2014 22:00:00,77.2832,24.7414
BUOY_14,31-3-2014 22:15:00,77.282,24.7308
BUOY_14,31-3-2014 22:30:00,77.281,24.7224
BUOY_14,31-3-2014 22:45:00,77.2804,24.7156
BUOY_14,31-3-2014 23:00:00,77.2802,24.7112
BUOY_14,31-3-2014 23:15:00,77.2804,24.7088
BUOY_14,31-3-2014 23:30:00,77.281,24.709
BUOY_14,31-3-2014 23:45:00,77.2818,24.7112
BUOY_14,1-4-2014,77.2828,24.7154
BUOY_14,1-4-2014 00:15:00,77.2838,24.7218
BUOY_14,1-4-2014 00:30:00,77.2848,24.7302
BUOY_14,1-4-2014 00:45:00,77.2862,24.7408
BUOY_14,1-4-2014 01:00:00,77.2874,24.7526
BUOY_14,1-4-2014 01:15:00,77.2886,24.7656
BUOY_14,1-4-2014 01:30:00,77.2898,24.7808
BUOY_14,1-4-2014 01:45:00,77.2908,24.7956
BUOY_14,1-4-2014 02:00:00,77.2914,24.811
BUOY_14,1-4-2014 02:15:00,77.2918,24.827
BUOY_14,1-4-2014 02:30:00,77.2916,24.8432
BUOY_14,1-4-2014 02:45:00,77.291,24.8588
BUOY_14,1-4-2014 03:00:00,77.29,24.8752
BUOY_14,1-4-2014 03:15:00,77.2886,24.892
BUOY_14,1-4-2014 03:30:00,77.2866,24.9082
BUOY_14,1-4-2014 03:45:00,77.2844,24.9236
BUOY_14,1-4-2014 04:00:00,77.2816,24.9374
BUOY_14,1-4-2014 04:15:00,77.2788,24.949
BUOY_14,1-4-2014 04:30:00,77.2756,24.9588
BUOY_14,1-4-2014 04:45:00,77.2722,24.9668
BUOY_14,1-4-2014 05:00:00,77.2684,24.9728
BUOY_14,1-4-2014 05:15:00,77.2644,24.977
BUOY_14,1-4-2014 05:30:00,77.26,24.9792
BUOY_14,1-4-2014 05:45:00,77.2556,24.9792
BUOY_14,1-4-2014 06:00:00,77.2508,24.9772
BUOY_14,1-4-2014 06:15:00,77.246,24.9732
BUOY_14,1-4-2014 06:30:00,77.2412,24.9668
BUOY_14,1-4-2014 06:45:00,77.2364,24.9582
BUOY_14,1-4-2014 07:00:00,77.2316,24.9474
BUOY_14,1-4-2014 07:15:00,77.227,24.9348
BUOY_14,1-4-2014 07:30:00,77.2226,24.9208
BUOY_14,1-4-2014 07:45:00,77.2182,24.9054
BUOY_14,1-4-2014 08:00:00,77.214,24.889
BUOY_14,1-4-2014 08:15:00,77.2098,24.8718
BUOY_14,1-4-2014 08:30:00,77.206,24.8538
BUOY_14,1-4-2014 08:45:00,77.2026,24.8352
BUOY_14,1-4-2014 09:00:00,77.1994,24.8164
BUOY_14,1-4-2014 09:15:00,77.1964,24.7972
BUOY_14,1-4-2014 09:30:00,77.1938,24.778
BUOY_14,1-4-2014 09:45:00,77.1916,24.759
BUOY_14,1-4-2014 10:00:00,77.19,24.7424
BUOY_14,1-4-2014 10:15:00,77.1888,24.7268
BUOY_14,1-4-2014 10:30:00,77.1878,24.7132
BUOY_14,1-4-2014 10:45:00,77.1874,24.7014
BUOY_14,1-4-2014 11:00:00,77.1874,24.6918
BUOY_14,1-4-2014 11:15:00,77.1876,24.6848
BUOY_14,1-4-2014 11:30:00,77.1882,24.68
BUOY_14,1-4-2014 11:45:00,77.189,24.6772
BUOY_14,1-4-2014 12:00:00,77.1906,24.676
BUOY_14,1-4-2014 12:15:00,77.1922,24.6768
BUOY_14,1-4-2014 12:30:00,77.194,24.68
BUOY_14,1-4-2014 12:45:00,77.1964,24.6856
BUOY_14,1-4-2014 13:00:00,77.1988,24.6936
BUOY_14,1-4-2014 13:15:00,77.2018,24.7038
BUOY_14,1-4-2014 13:30:00,77.2048,24.7162
BUOY_14,1-4-2014 13:45:00,77.2076,24.7306
BUOY_14,1-4-2014 14:00:00,77.2104,24.7468
BUOY_14,1-4-2014 14:15:00,77.213,24.7648
BUOY_14,1-4-2014 14:30:00,77.2154,24.7836
BUOY_14,1-4-2014 14:45:00,77.2176,24.803
BUOY_14,1-4-2014 15:00:00,77.2192,24.8244
BUOY_14,1-4-2014 15:15:00,77.2204,24.844
BUOY_14,1-4-2014 15:30:00,77.221,24.8634
BUOY_14,1-4-2014 15:45:00,77.2212,24.882
BUOY_14,1-4-2014 16:00:00,77.2206,24.8992
BUOY_14,1-4-2014 16:15:00,77.2198,24.9144
BUOY_14,1-4-2014 16:30:00,77.2184,24.928
BUOY_14,1-4-2014 16:45:00,77.2166,24.94
BUOY_14,1-4-2014 17:00:00,77.2142,24.949
BUOY_14,1-4-2014 17:15:00,77.2116,24.9564
BUOY_14,1-4-2014 17:30:00,77.2088,24.962
BUOY_14,1-4-2014 17:45:00,77.2056,24.9654
BUOY_14,1-4-2014 18:00:00,77.2022,24.9668
BUOY_14,1-4-2014 18:15:00,77.1984,24.9662
BUOY_14,1-4-2014 18:30:00,77.1948,24.9634
BUOY_14,1-4-2014 18:45:00,77.191,24.959
BUOY_14,1-4-2014 19:00:00,77.187,24.9522
BUOY_14,1-4-2014 19:15:00,77.1834,24.944
BUOY_14,1-4-2014 19:30:00,77.1796,24.9338
BUOY_14,1-4-2014 19:45:00,77.1758,24.9222
BUOY_14,1-4-2014 20:00:00,77.1724,24.9094
BUOY_14,1-4-2014 20:15:00,77.1692,24.8956
BUOY_14,1-4-2014 20:30:00,77.1662,24.8814
BUOY_14,1-4-2014 20:45:00,77.1632,24.8668
BUOY_14,1-4-2014 21:00:00,77.1604,24.8518
BUOY_14,1-4-2014 21:15:00,77.1578,24.8366
BUOY_14,1-4-2014 21:30:00,77.1554,24.8216
BUOY_14,1-4-2014 21:45:00,77.1534,24.807
BUOY_14,1-4-2014 22:00:00,77.1514,24.793
BUOY_14,1-4-2014 22:15:00,77.1496,24.7806
BUOY_14,1-4-2014 22:30:00,77.148,24.7692
BUOY_14,1-4-2014 22:45:00,77.1468,24.759
BUOY_14,1-4-2014 23:00:00,77.146,24.7508
BUOY_14,1-4-2014 23:15:00,77.1452,24.7442
BUOY_14,1-4-2014 23:30:00,77.1448,24.7396
BUOY_14,1-4-2014 23:45:00,77.1446,24.7372
BUOY_14,2-4-2014,77.1448,24.7372
BUOY_14,2-4-2014 00:15:00,77.1452,24.7392
BUOY_14,2-4-2014 00:30:00,77.1458,24.744
BUOY_14,2-4-2014 00:45:00,77.1464,24.7514
BUOY_14,2-4-2014 01:00:00,77.1472,24.761
BUOY_14,2-4-2014 01:15:00,77.148,24.7724
BUOY_14,2-4-2014 01:30:00,77.1488,24.7856
BUOY_14,2-4-2014 01:45:00,77.1496,24.8008
BUOY_14,2-4-2014 02:00:00,77.15,24.8176
BUOY_14,2-4-2014 02:15:00,77.1504,24.8358
BUOY_14,2-4-2014 02:30:00,77.1506,24.856
BUOY_14,2-4-2014 02:45:00,77.1502,24.8772
BUOY_14,2-4-2014 03:00:00,77.15,24.898
BUOY_14,2-4-2014 03:15:00,77.1496,24.9192
BUOY_14,2-4-2014 03:30:00,77.1486,24.9396
BUOY_14,2-4-2014 03:45:00,77.1472,24.9604
BUOY_14,2-4-2014 04:00:00,77.1452,24.9802
BUOY_14,2-4-2014 04:15:00,77.1428,24.9986
BUOY_14,2-4-2014 04:30:00,77.14,25.0154
BUOY_14,2-4-2014 04:45:00,77.1368,25.031
BUOY_14,2-4-2014 05:00:00,77.1332,25.0452
BUOY_14,2-4-2014 05:15:00,77.129,25.0578
BUOY_14,2-4-2014 05:30:00,77.1242,25.0692
BUOY_14,2-4-2014 05:45:00,77.119,25.0778
BUOY_14,2-4-2014 06:00:00,77.1138,25.085
BUOY_14,2-4-2014 06:15:00,77.1082,25.0896
BUOY_14,2-4-2014 06:30:00,77.1026,25.0922
BUOY_14,2-4-2014 06:45:00,77.0966,25.092
BUOY_14,2-4-2014 07:00:00,77.0906,25.0894
BUOY_14,2-4-2014 07:15:00,77.0844,25.0836
BUOY_14,2-4-2014 07:30:00,77.0782,25.0752
BUOY_14,2-4-2014 07:45:00,77.0726,25.064
BUOY_14,2-4-2014 08:00:00,77.067,25.0504
BUOY_14,2-4-2014 08:15:00,77.0618,25.0346
BUOY_14,2-4-2014 08:30:00,77.0568,25.0174
BUOY_14,2-4-2014 08:45:00,77.0526,24.999
BUOY_14,2-4-2014 09:00:00,77.0486,24.9794
BUOY_14,2-4-2014 09:15:00,77.045,24.9588
BUOY_14,2-4-2014 09:30:00,77.0418,24.938
BUOY_14,2-4-2014 09:45:00,77.0388,24.9168
BUOY_14,2-4-2014 10:00:00,77.036,24.8966
BUOY_14,2-4-2014 10:15:00,77.033,24.8756
BUOY_14,2-4-2014 10:30:00,77.0304,24.8554
BUOY_14,2-4-2014 10:45:00,77.028,24.8358
BUOY_14,2-4-2014 11:00:00,77.0262,24.8172
BUOY_14,2-4-2014 11:15:00,77.0246,24.7998
BUOY_14,2-4-2014 11:30:00,77.0238,24.7832
BUOY_14,2-4-2014 11:45:00,77.0224,24.7706
BUOY_14,2-4-2014 12:00:00,77.0218,24.7586
BUOY_14,2-4-2014 12:15:00,77.0214,24.75
BUOY_14,2-4-2014 12:30:00,77.0212,24.7438
BUOY_14,2-4-2014 12:45:00,77.0214,24.74
BUOY_14,2-4-2014 13:00:00,77.0214,24.7388
BUOY_14,2-4-2014 13:15:00,77.0218,24.74
BUOY_14,2-4-2014 13:30:00,77.0228,24.7438
BUOY_14,2-4-2014 13:45:00,77.0238,24.75
BUOY_14,2-4-2014 14:00:00,77.025,24.7592
BUOY_14,2-4-2014 14:15:00,77.026,24.7712
BUOY_14,2-4-2014 14:30:00,77.027,24.7848
BUOY_14,2-4-2014 14:45:00,77.0282,24.8008
BUOY_14,2-4-2014 15:00:00,77.0288,24.8192
BUOY_14,2-4-2014 15:15:00,77.0294,24.8378
BUOY_14,2-4-2014 15:30:00,77.0296,24.8582
BUOY_14,2-4-2014 15:45:00,77.0294,24.8796
BUOY_14,2-4-2014 16:00:00,77.0286,24.9002
BUOY_14,2-4-2014 16:15:00,77.0272,24.921
BUOY_14,2-4-2014 16:30:00,77.0252,24.9414
BUOY_14,2-4-2014 16:45:00,77.0228,24.9616
BUOY_14,2-4-2014 17:00:00,77.02,24.9798
BUOY_14,2-4-2014 17:15:00,77.0166,24.9968
BUOY_14,2-4-2014 17:30:00,77.0126,25.0122
BUOY_14,2-4-2014 17:45:00,77.0084,25.0256
BUOY_14,2-4-2014 18:00:00,77.0038,25.0366
BUOY_14,2-4-2014 18:15:00,76.999,25.0446
BUOY_14,2-4-2014 18:30:00,76.994,25.0492
BUOY_14,2-4-2014 18:45:00,76.9888,25.0506
BUOY_14,2-4-2014 19:00:00,76.9834,25.049
BUOY_14,2-4-2014 19:15:00,76.9784,25.0446
BUOY_14,2-4-2014 19:30:00,76.9732,25.0374
BUOY_14,2-4-2014 19:45:00,76.968,25.028
BUOY_14,2-4-2014 20:00:00,76.9628,25.0162
BUOY_14,2-4-2014 20:15:00,76.9576,25.0022
BUOY_14,2-4-2014 20:30:00,76.9526,24.9862
BUOY_14,2-4-2014 20:45:00,76.9478,24.9686
BUOY_14,2-4-2014 21:00:00,76.9434,24.9492
BUOY_14,2-4-2014 21:15:00,76.939,24.9284
BUOY_14,2-4-2014 21:30:00,76.935,24.9066
BUOY_14,2-4-2014 21:45:00,76.9314,24.884
BUOY_14,2-4-2014 22:00:00,76.9282,24.86
BUOY_14,2-4-2014 22:15:00,76.9254,24.836
BUOY_14,2-4-2014 22:30:00,76.923,24.811
BUOY_14,2-4-2014 22:45:00,76.921,24.7862
BUOY_14,2-4-2014 23:00:00,76.9198,24.7618
BUOY_14,2-4-2014 23:15:00,76.919,24.7362
BUOY_14,2-4-2014 23:30:00,76.9188,24.7112
BUOY_14,2-4-2014 23:45:00,76.919,24.6916
BUOY_14,3-4-2014,76.9198,24.6758
BUOY_14,3-4-2014 00:15:00,76.9212,24.6638
BUOY_14,3-4-2014 00:30:00,76.9228,24.6556
BUOY_14,3-4-2014 00:45:00,76.9248,24.6508
BUOY_14,3-4-2014 01:00:00,76.9272,24.6496
BUOY_14,3-4-2014 01:15:00,76.9296,24.6518
BUOY_14,3-4-2014 01:30:00,76.9324,24.6574
BUOY_14,3-4-2014 01:45:00,76.9352,24.6664
BUOY_14,3-4-2014 02:00:00,76.938,24.6794
BUOY_14,3-4-2014 02:15:00,76.9406,24.6956
BUOY_14,3-4-2014 02:30:00,76.943,24.7154
BUOY_14,3-4-2014 02:45:00,76.9452,24.7388
BUOY_14,3-4-2014 03:00:00,76.947,24.765
BUOY_14,3-4-2014 03:15:00,76.9484,24.7948
BUOY_14,3-4-2014 03:30:00,76.9494,24.8244
BUOY_14,3-4-2014 03:45:00,76.9498,24.8546
BUOY_14,3-4-2014 04:00:00,76.9494,24.884
BUOY_14,3-4-2014 04:15:00,76.9488,24.913
BUOY_14,3-4-2014 04:30:00,76.9476,24.941
BUOY_14,3-4-2014 04:45:00,76.946,24.968
BUOY_14,3-4-2014 05:00:00,76.9438,24.9936
BUOY_14,3-4-2014 05:15:00,76.9408,25.017
BUOY_14,3-4-2014 05:30:00,76.9376,25.0382
BUOY_14,3-4-2014 05:45:00,76.934,25.057
BUOY_14,3-4-2014 06:00:00,76.93,25.0734
BUOY_14,3-4-2014 06:15:00,76.926,25.0864
BUOY_14,3-4-2014 06:30:00,76.9218,25.0976
BUOY_14,3-4-2014 06:45:00,76.9172,25.106
BUOY_14,3-4-2014 07:00:00,76.9124,25.1116
BUOY_14,3-4-2014 07:15:00,76.9074,25.1142
BUOY_14,3-4-2014 07:30:00,76.9024,25.114
BUOY_14,3-4-2014 07:45:00,76.897,25.1108
BUOY_14,3-4-2014 08:00:00,76.8918,25.1052
BUOY_14,3-4-2014 08:15:00,76.8866,25.0964
BUOY_14,3-4-2014 08:30:00,76.8814,25.0858
BUOY_14,3-4-2014 08:45:00,76.8762,25.0732
BUOY_14,3-4-2014 09:00:00,76.8714,25.059
BUOY_14,3-4-2014 09:15:00,76.8666,25.0428
BUOY_14,3-4-2014 09:30:00,76.862,25.0246
BUOY_14,3-4-2014 09:45:00,76.8576,25.0052
BUOY_14,3-4-2014 10:00:00,76.8534,24.9846
BUOY_14,3-4-2014 10:15:00,76.8494,24.9628
BUOY_14,3-4-2014 10:30:00,76.8458,24.94
BUOY_14,3-4-2014 10:45:00,76.8426,24.9166
BUOY_14,3-4-2014 11:00:00,76.8396,24.8924
BUOY_14,3-4-2014 11:15:00,76.8368,24.8684
BUOY_14,3-4-2014 11:30:00,76.8344,24.845
BUOY_14,3-4-2014 11:45:00,76.8326,24.8234
BUOY_14,3-4-2014 12:00:00,76.8312,24.802
BUOY_14,3-4-2014 12:15:00,76.8306,24.7828
BUOY_14,3-4-2014 12:30:00,76.8304,24.7654
BUOY_14,3-4-2014 12:45:00,76.831,24.751
BUOY_14,3-4-2014 13:00:00,76.8322,24.74
BUOY_14,3-4-2014 13:15:00,76.8338,24.7328
BUOY_14,3-4-2014 13:30:00,76.8362,24.7294
BUOY_14,3-4-2014 13:45:00,76.8386,24.7302
BUOY_14,3-4-2014 14:00:00,76.8416,24.7348
BUOY_14,3-4-2014 14:15:00,76.8444,24.743
BUOY_14,3-4-2014 14:30:00,76.8476,24.755
BUOY_14,3-4-2014 14:45:00,76.8506,24.7696
BUOY_14,3-4-2014 15:00:00,76.8536,24.7864
BUOY_14,3-4-2014 15:15:00,76.8562,24.805
BUOY_14,3-4-2014 15:30:00,76.8588,24.8258
BUOY_14,3-4-2014 15:45:00,76.8612,24.8484
BUOY_14,3-4-2014 16:00:00,76.8632,24.8716
BUOY_14,3-4-2014 16:15:00,76.8648,24.8948
BUOY_14,3-4-2014 16:30:00,76.8662,24.9186
BUOY_14,3-4-2014 16:45:00,76.8672,24.9406
BUOY_14,3-4-2014 17:00:00,76.868,24.9634
BUOY_14,3-4-2014 17:15:00,76.8684,24.9856
BUOY_14,3-4-2014 17:30:00,76.8684,25.0066
BUOY_14,3-4-2014 17:45:00,76.868,25.0266
BUOY_14,3-4-2014 18:00:00,76.8672,25.0446
BUOY_14,3-4-2014 18:15:00,76.8662,25.0606
BUOY_14,3-4-2014 18:30:00,76.8648,25.0744
BUOY_14,3-4-2014 18:45:00,76.8632,25.0862
BUOY_14,3-4-2014 19:00:00,76.8612,25.0958
BUOY_14,3-4-2014 19:15:00,76.8592,25.1024
BUOY_14,3-4-2014 19:30:00,76.8568,25.1066
BUOY_14,3-4-2014 19:45:00,76.8542,25.1082
BUOY_14,3-4-2014 20:00:00,76.8516,25.1072
BUOY_14,3-4-2014 20:15:00,76.8488,25.1036
BUOY_14,3-4-2014 20:30:00,76.8458,25.0972
BUOY_14,3-4-2014 20:45:00,76.843,25.0886
BUOY_14,3-4-2014 21:00:00,76.8402,25.0778
BUOY_14,3-4-2014 21:15:00,76.8374,25.0652
BUOY_14,3-4-2014 21:30:00,76.8348,25.0508
BUOY_14,3-4-2014 21:45:00,76.832,25.035
BUOY_14,3-4-2014 22:00:00,76.8296,25.0168
BUOY_14,3-4-2014 22:15:00,76.8272,24.9986
BUOY_14,3-4-2014 22:30:00,76.825,24.979
BUOY_14,3-4-2014 22:45:00,76.8232,24.959
BUOY_14,3-4-2014 23:00:00,76.8216,24.9382
BUOY_14,3-4-2014 23:15:00,76.8202,24.9172
BUOY_14,3-4-2014 23:30:00,76.8194,24.8972
BUOY_14,3-4-2014 23:45:00,76.819,24.8798
BUOY_14,4-4-2014,76.819,24.8632
BUOY_14,4-4-2014 00:15:00,76.8194,24.8482
BUOY_14,4-4-2014 00:30:00,76.8202,24.835
BUOY_14,4-4-2014 00:45:00,76.8216,24.8248
BUOY_14,4-4-2014 01:00:00,76.8236,24.8186
BUOY_14,4-4-2014 01:15:00,76.826,24.8158
BUOY_14,4-4-2014 01:30:00,76.8288,24.8168
BUOY_14,4-4-2014 01:45:00,76.832,24.821
BUOY_14,4-4-2014 02:00:00,76.8354,24.8278
BUOY_14,4-4-2014 02:15:00,76.8386,24.8372
BUOY_14,4-4-2014 02:30:00,76.8422,24.8498
BUOY_14,4-4-2014 02:45:00,76.8458,24.8652
BUOY_14,4-4-2014 03:00:00,76.8492,24.8834
BUOY_14,4-4-2014 03:15:00,76.8528,24.9036
BUOY_14,4-4-2014 03:30:00,76.856,24.925
BUOY_14,4-4-2014 03:45:00,76.8592,24.9472
BUOY_14,4-4-2014 04:00:00,76.8622,24.9704
BUOY_14,4-4-2014 04:15:00,76.8648,24.9946
BUOY_14,4-4-2014 04:30:00,76.8674,25.0206
BUOY_14,4-4-2014 04:45:00,76.8694,25.0458
BUOY_14,4-4-2014 05:00:00,76.8712,25.0716
BUOY_14,4-4-2014 05:15:00,76.8728,25.097
BUOY_14,4-4-2014 05:30:00,76.8738,25.1222
BUOY_14,4-4-2014 05:45:00,76.8744,25.1466
BUOY_14,4-4-2014 06:00:00,76.8746,25.1698
BUOY_14,4-4-2014 06:15:00,76.8746,25.1914
BUOY_14,4-4-2014 06:30:00,76.874,25.2114
BUOY_14,4-4-2014 06:45:00,76.8732,25.2292
BUOY_14,4-4-2014 07:00:00,76.8718,25.2446
BUOY_14,4-4-2014 07:15:00,76.8704,25.2584
BUOY_14,4-4-2014 07:30:00,76.8686,25.2688
BUOY_14,4-4-2014 07:45:00,76.8664,25.2768
BUOY_14,4-4-2014 08:00:00,76.8642,25.2822
BUOY_14,4-4-2014 08:15:00,76.8618,25.285
BUOY_14,4-4-2014 08:30:00,76.8592,25.2852
BUOY_14,4-4-2014 08:45:00,76.8566,25.2828
BUOY_14,4-4-2014 09:00:00,76.854,25.2776
BUOY_14,4-4-2014 09:15:00,76.8512,25.2696
BUOY_14,4-4-2014 09:30:00,76.8488,25.26
BUOY_14,4-4-2014 09:45:00,76.8464,25.248
BUOY_14,4-4-2014 10:00:00,76.844,25.2342
BUOY_14,4-4-2014 10:15:00,76.8418,25.2192
BUOY_14,4-4-2014 10:30:00,76.8396,25.203
BUOY_14,4-4-2014 10:45:00,76.8376,25.186
BUOY_14,4-4-2014 11:00:00,76.8356,25.1682
BUOY_14,4-4-2014 11:15:00,76.834,25.1496
BUOY_14,4-4-2014 11:30:00,76.8322,25.1304
BUOY_14,4-4-2014 11:45:00,76.8306,25.1116
BUOY_14,4-4-2014 12:00:00,76.8296,25.0944
BUOY_14,4-4-2014 12:15:00,76.8286,25.0774
BUOY_14,4-4-2014 12:30:00,76.828,25.0614
BUOY_14,4-4-2014 12:45:00,76.8276,25.0466
BUOY_14,4-4-2014 13:00:00,76.8274,25.0334
BUOY_14,4-4-2014 13:15:00,76.8278,25.0218
BUOY_14,4-4-2014 13:30:00,76.8284,25.012
BUOY_14,4-4-2014 13:45:00,76.8292,25.0044
BUOY_14,4-4-2014 14:00:00,76.8304,24.9986
BUOY_14,4-4-2014 14:15:00,76.8314,24.9948
BUOY_14,4-4-2014 14:30:00,76.8328,24.9934
BUOY_14,4-4-2014 14:45:00,76.8346,24.994
BUOY_14,4-4-2014 15:00:00,76.8362,24.9962
BUOY_14,4-4-2014 15:15:00,76.838,25.0002
BUOY_14,4-4-2014 15:30:00,76.8398,25.0056
BUOY_14,4-4-2014 15:45:00,76.8416,25.0124
BUOY_14,4-4-2014 16:00:00,76.8434,25.0202
BUOY_14,4-4-2014 16:15:00,76.845,25.0296
BUOY_14,4-4-2014 16:30:00,76.8466,25.0406
BUOY_14,4-4-2014 16:45:00,76.848,25.052
BUOY_14,4-4-2014 17:00:00,76.8492,25.0644
BUOY_14,4-4-2014 17:15:00,76.85,25.0772
BUOY_14,4-4-2014 17:30:00,76.8504,25.09
BUOY_14,4-4-2014 17:45:00,76.8506,25.1022
BUOY_14,4-4-2014 18:00:00,76.8502,25.1132
BUOY_14,4-4-2014 18:15:00,76.8494,25.1228
BUOY_14,4-4-2014 18:30:00,76.8484,25.1308
BUOY_14,4-4-2014 18:45:00,76.847,25.137
BUOY_14,4-4-2014 19:00:00,76.8452,25.1408
BUOY_14,4-4-2014 19:15:00,76.8428,25.1422
BUOY_14,4-4-2014 19:30:00,76.8402,25.1416
BUOY_14,4-4-2014 19:45:00,76.8374,25.1382
BUOY_14,4-4-2014 20:00:00,76.8344,25.1322
BUOY_14,4-4-2014 20:15:00,76.8308,25.124
BUOY_14,4-4-2014 20:30:00,76.8272,25.1128
BUOY_14,4-4-2014 20:45:00,76.8234,25.0992
BUOY_14,4-4-2014 21:00:00,76.8194,25.083
BUOY_14,4-4-2014 21:15:00,76.8152,25.0646
BUOY_14,4-4-2014 21:30:00,76.811,25.0434
BUOY_14,4-4-2014 21:45:00,76.8068,25.0212
BUOY_14,4-4-2014 22:00:00,76.8024,24.9958
BUOY_14,4-4-2014 22:15:00,76.7978,24.9686
BUOY_14,4-4-2014 22:30:00,76.7932,24.9394
BUOY_14,4-4-2014 22:45:00,76.7886,24.9086
BUOY_14,4-4-2014 23:00:00,76.784,24.8744
BUOY_14,4-4-2014 23:15:00,76.7796,24.8394
BUOY_14,4-4-2014 23:30:00,76.7758,24.806
BUOY_14,4-4-2014 23:45:00,76.7724,24.7746
BUOY_14,5-4-2014,76.7692,24.7446
BUOY_14,5-4-2014 00:15:00,76.7666,24.7158
BUOY_14,5-4-2014 00:30:00,76.764,24.6888
BUOY_14,5-4-2014 00:45:00,76.7618,24.6636
BUOY_14,5-4-2014 01:00:00,76.76,24.6398
BUOY_14,5-4-2014 01:15:00,76.7588,24.6178
BUOY_14,5-4-2014 01:30:00,76.758,24.5986
BUOY_14,5-4-2014 01:45:00,76.7576,24.5814
BUOY_14,5-4-2014 02:00:00,76.758,24.5676
BUOY_14,5-4-2014 02:15:00,76.7584,24.5572
BUOY_14,5-4-2014 02:30:00,76.7594,24.5504
BUOY_14,5-4-2014 02:45:00,76.7606,24.5468
BUOY_14,5-4-2014 03:00:00,76.762,24.5464
BUOY_14,5-4-2014 03:15:00,76.7636,24.5496
BUOY_14,5-4-2014 03:30:00,76.7656,24.5556
BUOY_14,5-4-2014 03:45:00,76.7674,24.5644
BUOY_14,5-4-2014 04:00:00,76.7692,24.5754
BUOY_14,5-4-2014 04:15:00,76.771,24.5886
BUOY_14,5-4-2014 04:30:00,76.7728,24.6042
BUOY_14,5-4-2014 04:45:00,76.7742,24.6218
BUOY_14,5-4-2014 05:00:00,76.7754,24.6402
BUOY_14,5-4-2014 05:15:00,76.7764,24.6604
BUOY_14,5-4-2014 05:30:00,76.777,24.6812
BUOY_14,5-4-2014 05:45:00,76.7772,24.7022
BUOY_14,5-4-2014 06:00:00,76.7772,24.723
BUOY_14,5-4-2014 06:15:00,76.7766,24.7428
BUOY_14,5-4-2014 06:30:00,76.7758,24.7618
BUOY_14,5-4-2014 06:45:00,76.7746,24.7792
BUOY_14,5-4-2014 07:00:00,76.7728,24.7958
BUOY_14,5-4-2014 07:15:00,76.7708,24.8094
BUOY_14,5-4-2014 07:30:00,76.7682,24.8214
BUOY_14,5-4-2014 07:45:00,76.7654,24.831
BUOY_14,5-4-2014 08:00:00,76.762,24.8378
BUOY_14,5-4-2014 08:15:00,76.7584,24.8418
BUOY_14,5-4-2014 08:30:00,76.7544,24.8428
BUOY_14,5-4-2014 08:45:00,76.7502,24.8406
BUOY_14,5-4-2014 09:00:00,76.746,24.8356
BUOY_14,5-4-2014 09:15:00,76.7414,24.8276
BUOY_14,5-4-2014 09:30:00,76.737,24.8176
BUOY_14,5-4-2014 09:45:00,76.7322,24.8046
BUOY_14,5-4-2014 10:00:00,76.7276,24.7902
BUOY_14,5-4-2014 10:15:00,76.7228,24.7736
BUOY_14,5-4-2014 10:30:00,76.7182,24.7548
BUOY_14,5-4-2014 10:45:00,76.7138,24.7346
BUOY_14,5-4-2014 11:00:00,76.7096,24.7132
BUOY_14,5-4-2014 11:15:00,76.7056,24.6916
BUOY_14,5-4-2014 11:30:00,76.702,24.6692
BUOY_14,5-4-2014 11:45:00,76.699,24.6478
BUOY_14,5-4-2014 12:00:00,76.6962,24.6274
BUOY_14,5-4-2014 12:15:00,76.6938,24.608
BUOY_14,5-4-2014 12:30:00,76.6918,24.5896
BUOY_14,5-4-2014 12:45:00,76.6906,24.5728
BUOY_14,5-4-2014 13:00:00,76.6898,24.5574
BUOY_14,5-4-2014 13:15:00,76.6896,24.5436
BUOY_14,5-4-2014 13:30:00,76.6898,24.5316
BUOY_14,5-4-2014 13:45:00,76.6906,24.521
BUOY_14,5-4-2014 14:00:00,76.692,24.5126
BUOY_14,5-4-2014 14:15:00,76.6936,24.5068
BUOY_14,5-4-2014 14:30:00,76.6956,24.503
BUOY_14,5-4-2014 14:45:00,76.6976,24.5012
BUOY_14,5-4-2014 15:00:00,76.7,24.5022
BUOY_14,5-4-2014 15:15:00,76.7026,24.5062
BUOY_14,5-4-2014 15:30:00,76.7052,24.5132
BUOY_14,5-4-2014 15:45:00,76.7082,24.5224
BUOY_14,5-4-2014 16:00:00,76.7108,24.5338
BUOY_14,5-4-2014 16:15:00,76.7136,24.5478
BUOY_14,5-4-2014 16:30:00,76.716,24.564
BUOY_14,5-4-2014 16:45:00,76.718,24.5808
BUOY_14,5-4-2014 17:00:00,76.7202,24.5992
BUOY_14,5-4-2014 17:15:00,76.7218,24.6188
BUOY_14,5-4-2014 17:30:00,76.7234,24.6388
BUOY_14,5-4-2014 17:45:00,76.7244,24.6592
BUOY_14,5-4-2014 18:00:00,76.725,24.6796
BUOY_14,5-4-2014 18:15:00,76.7252,24.699
BUOY_14,5-4-2014 18:30:00,76.725,24.717
BUOY_14,5-4-2014 18:45:00,76.7244,24.7346
BUOY_14,5-4-2014 19:00:00,76.7236,24.7492
BUOY_14,5-4-2014 19:15:00,76.7224,24.762
BUOY_14,5-4-2014 19:30:00,76.7208,24.773
BUOY_14,5-4-2014 19:45:00,76.719,24.7816
BUOY_14,5-4-2014 20:00:00,76.7168,24.788
BUOY_14,5-4-2014 20:15:00,76.7142,24.7924
BUOY_14,5-4-2014 20:30:00,76.7114,24.7946
BUOY_14,5-4-2014 20:45:00,76.7082,24.7944
BUOY_14,5-4-2014 21:00:00,76.7048,24.792
BUOY_14,5-4-2014 21:15:00,76.701,24.7876
BUOY_14,5-4-2014 21:30:00,76.697,24.7812
BUOY_14,5-4-2014 21:45:00,76.6926,24.7732
BUOY_14,5-4-2014 22:00:00,76.688,24.763
BUOY_14,5-4-2014 22:15:00,76.6834,24.7518
BUOY_14,5-4-2014 22:30:00,76.679,24.7388
BUOY_14,5-4-2014 22:45:00,76.675,24.7244
BUOY_14,5-4-2014 23:00:00,76.6712,24.7088
BUOY_14,5-4-2014 23:15:00,76.6678,24.6932
BUOY_14,5-4-2014 23:30:00,76.6646,24.6782
BUOY_14,5-4-2014 23:45:00,76.662,24.663
BUOY_14,6-4-2014,76.66,24.6488
BUOY_14,6-4-2014 00:15:00,76.6586,24.6348
BUOY_14,6-4-2014 00:30:00,76.6576,24.6214
BUOY_14,6-4-2014 00:45:00,76.657,24.609
BUOY_14,6-4-2014 01:00:00,76.6568,24.5982
BUOY_14,6-4-2014 01:15:00,76.6572,24.589
BUOY_14,6-4-2014 01:30:00,76.6578,24.5814
BUOY_14,6-4-2014 01:45:00,76.6586,24.5756
BUOY_14,6-4-2014 02:00:00,76.6596,24.5714
BUOY_14,6-4-2014 02:15:00,76.661,24.5694
BUOY_14,6-4-2014 02:30:00,76.6624,24.5698
BUOY_14,6-4-2014 02:45:00,76.6642,24.5724
BUOY_14,6-4-2014 03:00:00,76.666,24.5778
BUOY_14,6-4-2014 03:15:00,76.6678,24.5858
BUOY_14,6-4-2014 03:30:00,76.6694,24.5958
BUOY_14,6-4-2014 03:45:00,76.6712,24.6078
BUOY_14,6-4-2014 04:00:00,76.6728,24.6214
BUOY_14,6-4-2014 04:15:00,76.6744,24.637
BUOY_14,6-4-2014 04:30:00,76.6756,24.6542
BUOY_14,6-4-2014 04:45:00,76.6766,24.6712
BUOY_14,6-4-2014 05:00:00,76.6776,24.689
BUOY_14,6-4-2014 05:15:00,76.6782,24.7066
BUOY_14,6-4-2014 05:30:00,76.6784,24.7234
BUOY_14,6-4-2014 05:45:00,76.6782,24.7402
BUOY_14,6-4-2014 06:00:00,76.6778,24.7562
