,0,1
0,-0.030552731326011537,0.01576609334398226
1,-0.03478097604490207,0.011682374357656351
2,-0.039704263385041356,0.006971474659718459
3,-0.045256033228250885,0.0016887680698195393
4,-0.061285429135742926,-0.011033159180578699
5,-0.06793310455042126,-0.017318559252606086
6,-0.07493616252648819,-0.024014599929441327
7,-0.08211690277747138,-0.03096426397697957
8,-0.09823868608975327,-0.04472582010381815
9,-0.10536282581558437,-0.051764077467561544
10,-0.11229467367503687,-0.05860292664828328
11,-0.11890635381421341,-0.0650561507947614
12,-0.1346183964127438,-0.07966472133934427
13,-0.14032072092477446,-0.08506099243612045
14,-0.14553796859825063,-0.08987527749080863
15,-0.15031705862499625,-0.09408485795126593
16,-0.16248628688900463,-0.1081509883262758
17,-0.16624890998061057,-0.11097998268478425
18,-0.16907365136188485,-0.11295966543503957
19,-0.1713756284550414,-0.11434883341563792
20,-0.177379827265151,-0.1271456841351657
21,-0.17861909776228305,-0.12711260397234972
22,-0.17538787039260811,-0.12499566871933726
23,-0.1751165478664734,-0.12347048975962467
24,-0.15682268835268964,-0.11019721856515774
25,-0.15432045942908051,-0.10712123363824608
26,-0.15077916300611105,-0.10332011111744555
27,-0.14623226309779147,-0.0987999746720915
28,-0.13210105775279152,-0.08085005893336349
29,-0.12566386749952724,-0.07500152285104927
30,-0.11844726123260203,-0.06856374664426951
31,-0.11063146293800301,-0.0616676819217508
32,-0.09790740004023402,-0.046453724925021096
33,-0.08956133888831956,-0.03913639764969219
34,-0.08127544585578281,-0.03185190787537464
35,-0.07322801011145756,-0.024772410681159214
36,-0.06182960178606398,-0.013151717507018355
37,-0.05483764649769653,-0.006997935386396946
38,-0.048538798424361346,-0.0014027788153284718
39,-0.042922823014979995,0.0036007045547369193
40,-0.03386203629808512,0.011138347119222805
41,-0.02978114516856506,0.014540005285116536
42,-0.02693254518212132,0.016913680324739555
43,-0.02489032464230958,0.018620983373919986
44,-0.02081376076445779,0.022082113601842666
45,-0.020048251237918355,0.022187868303840466
46,-0.020029294160444633,0.02133957836079308
47,-0.021062501473948475,0.019414326177022774
48,-0.021402205372622086,0.020219003177078677
49,-0.02445528817810102,0.01670967124120129
50,-0.028359318817873472,0.012457226352332956
51,-0.03310276219670009,0.007474373013498584
52,-0.037080438309167976,0.005808869747828373
53,-0.043534812946728216,-0.0005027474598812559
54,-0.05071637942435909,-0.007342553340147044
55,-0.05968840894891568,-0.014461914674697762
56,-0.06474353114996287,-0.016288782411146764
57,-0.07219059197711654,-0.02489177818098297
58,-0.07963938525871547,-0.03351543866153089
59,-0.0869225916202934,-0.04194947123740908
60,-0.09117761032581516,-0.04211108655674486
61,-0.09757442062555183,-0.04949414984199566
62,-0.10346898682198234,-0.05615022095110301
63,-0.10877108611751396,-0.061918016009147515
64,-0.10854926067287564,-0.058848148774371827
65,-0.11309198626087169,-0.0631551052962255
66,-0.11686950582594631,-0.06655399328401405
67,-0.11997005512307707,-0.06913190238640918
68,-0.11418672307048681,-0.06432942992610903
69,-0.11656227830389244,-0.06534228818467792
70,-0.11834075428176329,-0.0653197106501978
71,-0.1192771954830805,-0.0640888367970002
72,-0.10952030792629777,-0.05657099354257422
73,-0.1082822937333677,-0.05334014149582195
74,-0.10598184900295601,-0.04917146797168906
75,-0.10261340913401146,-0.044148075517906726
76,-0.08897327567678766,-0.03427406129430695
77,-0.08346574444467766,-0.02767459785680235
78,-0.07692829502843694,-0.020317727811938958
79,-0.06944520045114223,-0.012247089724231702
80,-0.05325123414457822,-0.0025127194330045646
81,-0.04441653879727962,0.006575515122414882
82,-0.03531423584919955,0.015941487706243665
83,-0.02619150008359274,0.025327052870242492
84,-0.011558178909622546,0.03356052310731936
85,-0.003191014796209646,0.042197913532861966
86,0.004436286431904711,0.050186130024829884
87,0.011231348250503759,0.05741791687282323
88,0.02232011267524832,0.06233903256873133
89,0.027492349959390386,0.06791757860137068
90,0.031536147966474734,0.07243105720191442
91,0.034177437976075274,0.07565329127053633
92,0.039455463284075995,0.07713408436436105
93,0.04057070168343192,0.07851093058130591
94,0.04099431439800699,0.07881064337409352
95,0.040509822176976254,0.07790250116197224
96,0.040996381424311515,0.07642529354505974
97,0.0385056800021394,0.07327877498657964
98,0.0352056471735146,0.06928482405552681
99,0.0311911935345071,0.06447872049466638
100,0.02868164968677846,0.06049588788524468
101,0.023250645889934796,0.054125729850226394
102,0.017096600295031645,0.0470173437735233
103,0.010299049843370118,0.03924041271264862
104,0.0058802226472735,0.03261879457978498
105,-0.0014595482721047343,0.023883323144303803
106,-0.008801137979858372,0.014973749741414116
107,-0.016053131508136084,0.00610610711955163
108,-0.01939000636880962,-0.002265890926193991
109,-0.0261778596411902,-0.010614090607490112
110,-0.029890700673059774,-0.018100752134332147
111,-0.03479381609393372,-0.02506096219587941
112,-0.03549155117401083,-0.03227962675646925
113,-0.039949621231856185,-0.037906351536128854
114,-0.04392473088709882,-0.04264469658548257
115,-0.04716127794111386,-0.046408055256041685
116,-0.04637462073330303,-0.05245864807994258
117,-0.04860082092658461,-0.05442385986509224
118,-0.050803660868356276,-0.05561938242941815
119,-0.04815493162793128,-0.05179064788533514
120,-0.04634460635042155,-0.05564566238049679
121,-0.046730913468714795,-0.05359524438991863
122,-0.04623792575933376,-0.0505924014639252
123,-0.04484512936317414,-0.04673491941774314
124,-0.039577318120759805,-0.048515231542238815
125,-0.03620463798960541,-0.04297061124988275
126,-0.03174498043325363,-0.036677909313606614
127,-0.026295750700190718,-0.029638324417288205
128,-0.01847232495363491,-0.030086792552546406
129,-0.011590245585383449,-0.02177309047746278
130,-0.0042749880838624426,-0.01307478899512953
131,0.0032799469400442652,-0.004167313717829336
132,0.011238535725744226,-0.0023721189393966537
133,0.01869628907821572,0.006307418910141676
134,0.025771964009992834,0.014523001624521102
135,0.03230661928280603,0.02214575392045122
136,0.038033429581563305,0.02307166029651813
137,0.04341194095433407,0.029366031253800398
138,0.04801492839733946,0.03476139697700449
139,0.05148843449934642,0.03907365213952903
140,0.052574991858590416,0.035971888430745086
141,0.05421333562702589,0.038313649256817586
142,0.05544585500195376,0.039654151384628925
143,0.05617927773407345,0.03982087356719942
144,0.05535271088920412,0.03077549412951376
145,0.05445630549729281,0.028397534869396307
146,0.04384763790872084,0.03139185619371661
147,0.04197690167961882,0.02682176251509824
148,0.037055601911702256,0.012135122010811586
149,0.03415232864236511,0.005637474854915926
150,0.030561087406899154,-0.0017256715874458817
151,0.026284864931715297,-0.009879222018829965
152,0.015550571322884607,-0.030213832448639982
153,0.01045485974159321,-0.039743613514407056
154,0.0052346723034889485,-0.049815024119366405
155,-0.00021432911537069095,-0.060593805877503445
156,-0.013720838271433156,-0.08382621704717783
157,-0.018717087147687807,-0.09409332362576851
158,-0.02335687759893218,-0.10383616716011737
159,-0.027607723766243535,-0.11280199335705228
160,-0.04038596239216305,-0.13327654247155268
161,-0.0441325173199683,-0.14052539323066382
162,-0.04753085676997709,-0.1466249375976918
163,-0.03886712469446611,-0.1638901183967414
164,-0.048841794467481804,-0.17949035093705257
165,-0.05064736656953975,-0.18371251917558257
166,-0.05255040909732228,-0.18660765229637497
167,-0.05461464765302377,-0.18825110083566535
168,-0.06331010968992565,-0.19605844077815182
169,-0.06473603943061876,-0.19429055636795844
170,-0.06557816992711143,-0.19116660488550824
171,-0.06588237753170714,-0.1867271567788646
172,-0.07175129293243399,-0.1863435007839533
173,-0.0707503117832376,-0.1794454118590965
174,-0.06892297582853327,-0.17153833462001727
175,-0.06619255744003696,-0.16268367055583627
176,-0.06900439010766506,-0.15199388429057564
177,-0.06472885859470098,-0.1412288381485287
178,-0.05987160015903259,-0.12965374382132067
179,-0.05457026379549697,-0.1174591903389606
180,-0.053454596334439886,-0.10356840257107461
181,-0.04783178074362353,-0.0908854325377953
182,-0.055324642384166754,-0.08105476915558599
183,-0.051848058749581885,-0.06686516638800838
184,-0.05188865291227574,-0.05190892069692521
185,-0.04882456994829926,-0.03921389847154287
186,-0.0459796045925886,-0.02746970679268769
187,-0.0437353901028394,-0.0168288838910947
188,-0.04193927970820476,-0.0062058258182614845
189,-0.041129624960759156,0.0013760213875189387
190,-0.040209797869432254,0.007865898818028932
191,-0.03908436944088478,0.012498136883328445
192,-0.035482937259348986,0.01610841057250846
193,-0.034976635531104444,0.016337970763718235
194,-0.034824835611563985,0.014502338327804815
195,-0.03481900918926775,0.010968326597726966
196,-0.03148248633759794,0.006308297347309144
197,-0.04350750389627312,0.015373332115470997
198,-0.04160769869462222,0.007465093230060005
199,-0.03991001186749689,-0.0021675407615489445
200,-0.03740703984987712,-0.015105846570726292
201,-0.03609322740588032,-0.027993916146427697
202,-0.03477697862128897,-0.042495213645236236
203,-0.03345774435425266,-0.05840005865284761
204,-0.033002352765320944,-0.07864027144850783
205,-0.03202336872947082,-0.09594149598617364
206,-0.031216249817484006,-0.11335043125131075
207,-0.03068735194310629,-0.13017578164082402
208,-0.03260942877355007,-0.1488834636892166
209,-0.033106735293089835,-0.16359304532950172
210,-0.03428646566803253,-0.17701782234397434
211,-0.024282869036838375,-0.1858626746608833
212,-0.028226325477524513,-0.19851416530985588
213,-0.028545031128989554,-0.20908139901259787
214,-0.029707876202500212,-0.21817901842054693
215,-0.03181862181396485,-0.2250598249822777
216,-0.03954168031085255,-0.22937392367000223
217,-0.04324975519704752,-0.23193535450430564
218,-0.047051586384666964,-0.23203288691430374
219,-0.0510189448564148,-0.2301702790575704
220,-0.05929200731465352,-0.22368023609854013
221,-0.06334158245359413,-0.2182645696878205
222,-0.06719373941679159,-0.21122232886369585
223,-0.07063713693525632,-0.20272159917212418
224,-0.06974117873313718,-0.18866576869330345
225,-0.07236164867505049,-0.1773270915425634
226,-0.07476570038053061,-0.16448587513502327
227,-0.0769142453960512,-0.1502677560486892
228,-0.06515622826698676,-0.12469274269860964
229,-0.06645304920781972,-0.10991667973805565
230,-0.06749676779770321,-0.09487720337394157
231,-0.0683448759052281,-0.0799282101237915
232,-0.060373731077811174,-0.06224690102037327
233,-0.0609345983654667,-0.04809644459186001
234,-0.06631258396116099,-0.03235447062564281
235,-0.06615209027044888,-0.017985327261380454
236,-0.05797573512123173,-0.001216073810780885
237,-0.06786539301484013,0.00602002799907142
238,-0.06980040843880117,0.018489870662329377
239,-0.07076611545528345,0.028743304742092468
240,-0.0638097228241954,0.04002068215981078
241,-0.06332917973147596,0.04599699040178484
242,-0.06234955043142382,0.04953529064845555
243,-0.06086776403140115,0.05058653857746928
244,-0.05408934217637727,0.048420012677195506
245,-0.05125451031993927,0.04528805103994357
246,-0.04769182579436846,0.03998996226670662
247,-0.04361187122125953,0.03254127774219895
248,-0.038948574512666166,0.01748642368615501
249,-0.03433864394036616,0.006222357891906324
250,-0.029351220311937914,-0.006948188859625698
251,-0.02390694565696516,-0.02211753331302037
252,-0.01955793672539288,-0.046275134442018445
253,-0.013564812583972137,-0.06483452387029891
254,-0.007582737539651625,-0.08424598900879068
255,-0.0017920323664231512,-0.1038857408300138
256,-0.001061449067550832,-0.12579193845490733
257,0.005390803181123595,-0.14450689851419707
258,0.010981537602066764,-0.16219384374284443
259,0.015506158698197804,-0.17855773200338854
260,0.015845223068830717,-0.1995817018574157
261,0.018702887067335666,-0.2128952997934147
262,0.020874973002192043,-0.2253136536343605
263,0.021742543210168316,-0.23613207218783128
264,0.012590613275611846,-0.2509656152081564
265,0.0111485109453561,-0.2567949005111373
266,0.008659939792503485,-0.26062258056688525
267,0.005583405444418946,-0.26189686908945525
268,-0.007347720231338457,-0.26780634908247636
269,-0.011456692917619186,-0.26512847426202146
270,-0.015938257740577437,-0.26062924634328344
271,-0.02057516628062076,-0.2544102316312167
272,-0.032816349280182025,-0.25206884914342015
273,-0.03741235296442005,-0.2428088178186018
274,-0.04209095261717574,-0.23199947253346423
275,-0.046950812654933394,-0.2195869731467469
276,-0.057731731953577635,-0.2095135499605824
277,-0.06262592145323205,-0.19416322806491335
278,-0.06301997807101967,-0.17830016612535135
279,-0.06816220197454695,-0.1621922419384431
280,-0.0762142046559425,-0.14690374905214482
281,-0.08137653877858476,-0.13031708933689967
282,-0.08656165057754006,-0.11381421460695693
283,-0.09164073869016696,-0.09753285094526774
284,-0.08808349549998698,-0.07639213795068905
285,-0.09295140901857724,-0.060832050918946695
286,-0.09785344859555889,-0.045725894368500206
287,-0.10218129051053598,-0.03158250099716077
288,-0.09530521006523633,-0.01492000073776499
289,-0.09780073791506244,-0.004785745409592729
290,-0.09983219606577007,0.0027435681335301054
291,-0.10134761262819222,0.00809688776645301
292,-0.09165242601856402,0.013554657743275092
293,-0.09141442677533933,0.014198173035831027
294,-0.09013672955900444,0.012615597811521842
295,-0.0877332070923144,0.00882362808974306
296,-0.07688133029198276,0.0026068279961330987
297,-0.07254571119497796,-0.005668699451847656
298,-0.06731311856119074,-0.016104015834788987
299,-0.06118010620506192,-0.028715877678292145
300,-0.05853003792688716,-0.05270302612613256
301,-0.05161379293782452,-0.06944873693264185
302,-0.04468168925499467,-0.08621826178139048
303,-0.03710755426543222,-0.10414261851548642
304,-0.026969640879006676,-0.1244223930020566
305,-0.01914634361992255,-0.1421898340426149
306,-0.011599792826525578,-0.15929635941926495
307,-0.004581021708670915,-0.175384285883468
308,0.0024879433854738467,-0.1915394262122448
309,0.0076974831159058,-0.20467620075558124
310,0.012383864677781492,-0.217101208966142
311,0.016255353828707374,-0.22844001579704906
312,0.027549909081877634,-0.23029203435405446
313,0.02886348508188062,-0.23769650790867097
314,0.02942431875002406,-0.24322560826991624
315,0.029225561690333565,-0.24656415430114287
316,0.0371800055623132,-0.23801645071947738
317,0.035793782692389406,-0.2371939161131131
318,0.0339080810372782,-0.23467360362754502
319,0.031540032135837046,-0.23062170255655343
320,0.03685472301345491,-0.21453806769536188
321,0.03389224668873244,-0.20755598995904306
322,0.030605014836764595,-0.19918314615160787
323,0.02693320555219183,-0.18940968302377809
324,0.03937371323325583,-0.15743965095915535
325,0.03636193752367527,-0.1456866592703239
326,0.03317517814425592,-0.13294444937606786
327,0.029759376313686123,-0.11967411390646807
328,0.03187445955783509,-0.09674021451953022
329,0.027742677750850476,-0.08273804637704811
330,0.023441948204824106,-0.06955259132766978
331,0.01857401845655206,-0.056153399396279544
332,0.01969732093846788,-0.03649893715185873
333,0.014463155200176459,-0.02370199885148394
334,0.009222842351482512,-0.011310827187556521
335,0.003972446653082239,0.0006092372891018383
336,-0.00020156084905332758,0.011472639401206575
337,-0.004347812362970424,0.02061929776691207
338,-0.00849362603978792,0.0283231156738995
339,-0.012992081591582598,0.03410386796717069
340,-0.014686557382437543,0.0344414716219555
341,-0.01804227906609083,0.03579590748695108
342,-0.020727643156929723,0.03527098562239721
343,-0.02255986440712534,0.03288463163553716
344,-0.02201287643662303,0.023560321660998057
345,-0.021652565320031493,0.017476440662917675
346,-0.02025576161311969,0.009535636076118958
347,-0.017804930406310177,-0.00017078192966529793
348,-0.015986869495145693,-0.017956425122811426
349,-0.01149068283012412,-0.031145157255372397
350,-0.006003928873930718,-0.046385612418612325
351,0.00010590482130179088,-0.0624141583971495
352,0.0024253266199512104,-0.08562461806225655
353,0.0097449580321595,-0.10223763709993851
354,0.017264456616687043,-0.11855212909381665
355,0.024738565007848493,-0.13421929148877645
356,0.023351247790146634,-0.15499093812601328
357,0.021255858666575395,-0.1681546801731165
358,0.027420375862624604,-0.17937377117409883
359,0.032861085212357324,-0.1891479306635431
360,0.02580167226061398,-0.20297154309660959
361,0.02980855913037858,-0.21047850130996756
362,0.03301507723127261,-0.21611362294291778
363,0.03565597268464366,-0.21955858725093935
364,0.018721123821501984,-0.22323155436240816
365,0.020636274974453153,-0.22298318417707172
366,0.022260741539926437,-0.22098948942242394
367,0.02352471308327101,-0.21745813928644073
368,-0.000818134531265953,-0.2091334570257262
369,-0.00044185877931215284,-0.20302647176868793
370,-0.00038381182838340133,-0.19561213007402795
371,-0.0007351426417033305,-0.18698151979426075
372,-0.02205812589142704,-0.1711489440265599
373,-0.023478973574028603,-0.16018119951495774
374,-0.025255465771583482,-0.14805242530246202
375,-0.025602106055040742,-0.13427851618568773
376,-0.04566013274428221,-0.11416663785391207
377,-0.048694060624037874,-0.1005194847401506
378,-0.052255326863323986,-0.08678694910760634
379,-0.056413218848458645,-0.0731110176830452
380,-0.07045073032982074,-0.05376373027504585
381,-0.07405946682192463,-0.04162615481414493
382,-0.07987890687998186,-0.02900011822155755
383,-0.08588661533368515,-0.01685700479735501
384,-0.09423372316288374,-0.0022255493207486293
385,-0.10026663759117113,0.008418498808550279
386,-0.10577921340502426,0.017131243154714024
387,-0.11167283252456395,0.024495437298837297
388,-0.11481834726599267,0.02900456445104474
389,-0.12059970570928082,0.032160293606645476
390,-0.12624616381737142,0.03353090506239491
391,-0.13136176371848057,0.033036971261847875
392,-0.13392071644377163,0.02698039366555567
393,-0.1370359861640519,0.02293829381199372
394,-0.13897244668131734,0.017015276521669884
395,-0.1396961466467611,0.009174949148212541
396,-0.14150972734175726,-0.005152439349273355
397,-0.13987453051999524,-0.016542301702644285
398,-0.13718315709657058,-0.029608477063016503
399,-0.1332879695696656,-0.0450037168392638
400,-0.13249850244694128,-0.05983698609879308
401,-0.12694152417969579,-0.07587861276519253
402,-0.12062818929043419,-0.09192733698017583
403,-0.11382391916460463,-0.10770510359769181
404,-0.11113115443624427,-0.11663349657492326
405,-0.10396139044289124,-0.1308709837862086
406,-0.09702555860441767,-0.14394868263834615
407,-0.0905731528074116,-0.15574566616390184
408,-0.08830380475075215,-0.15425279445016116
409,-0.08296080984459711,-0.16384759273071187
410,-0.07845036031648375,-0.17202254968472103
411,-0.0749123623494684,-0.17805140891948684
412,-0.07254654738691421,-0.1671574025497106
413,-0.06954576876403289,-0.16972755837091796
414,-0.06705339140029153,-0.1702862918419779
415,-0.06477161673579171,-0.16915952628515396
416,-0.06224659744502732,-0.1515936316558199
417,-0.060757168447840404,-0.14769363373154745
418,-0.059687724027724404,-0.14247999277339726
419,-0.059002456094905634,-0.13591403309838254
420,-0.05662121279931227,-0.11454147673542332
421,-0.057011689155996005,-0.10548140269577794
422,-0.05788759017743223,-0.09517336089165634
423,-0.059129640355736014,-0.08370653335023907
424,-0.05805159676501631,-0.06105919675893988
425,-0.060118141066068616,-0.04832845344035966
426,-0.06273613958781205,-0.03540699379414427
427,-0.06596454754221659,-0.022093380661948818
428,-0.066764331462879,-0.0047974802027148135
429,-0.07128315131002935,0.008030265105505346
430,-0.07640473796080899,0.020709728945785245
431,-0.08182393542599181,0.033064561261090065
432,-0.08734829899157269,0.04822640981504614
433,-0.09300195051461695,0.05949092936113201
434,-0.09855319696807338,0.06993125414235525
435,-0.10356418456808031,0.07857469757133416
436,-0.11099121480611979,0.09002276668039702
437,-0.11646701285993702,0.0953321123289136
438,-0.12217895236933773,0.09886477048702146
439,-0.12727790090351299,0.10034777446840021
440,-0.13353376918533566,0.10378132122932096
441,-0.13745359583674627,0.10173217926893417
442,-0.1402876213492819,0.09796544428058075
443,-0.14199075411740122,0.09237848528891886
444,-0.14156003785096988,0.08644974000185753
445,-0.13663194609366247,0.07924233306472926
446,-0.13468980414707812,0.06785695803929327
447,-0.1317431387423173,0.05480249325496171
448,-0.12539035128652792,0.040386392028376156
449,-0.12063690633203272,0.024679127711797852
450,-0.11501693902583349,0.008609922698865487
451,-0.10865810270650021,-0.007436302336917291
452,-0.09814265718281316,-0.02215132626941041
453,-0.09120742924167755,-0.03725714874645377
454,-0.0842675799657458,-0.05140820920910812
455,-0.0776077962060733,-0.06433225029817784
456,-0.06696856397794522,-0.0749397048230104
457,-0.06175620669657046,-0.08490053320132193
458,-0.05713517792534192,-0.09394705291545828
459,-0.05343268106865828,-0.10154143117218817
460,-0.043019541413479905,-0.11596115783773854
461,-0.040814924371007415,-0.12040428929849645
462,-0.03885629103760768,-0.12306853629446009
463,-0.037330710105727576,-0.12344118033508411
464,-0.032339643847580084,-0.12044576352013156
465,-0.031146523009259637,-0.11711546266032183
466,-0.03036002593875161,-0.11223477909796853
467,-0.02997331663113241,-0.10584679002005853
468,-0.027105522698410302,-0.09698554404521027
469,-0.027488875991981597,-0.08752574158002234
470,-0.028383451448513765,-0.07669397227973411
471,-0.02971528133116079,-0.06451973438663304
472,-0.029760859753576986,-0.049447199659046995
473,-0.031744280088616204,-0.035134448827084
474,-0.03426692689144108,-0.02030202308620941
475,-0.037410985033308815,-0.005199103359466007
476,-0.040780332053583855,0.01325342234488973
477,-0.04515614312990476,0.028562095340999863
478,-0.05026297475648953,0.04380780387711938
479,-0.05600547338300669,0.05891410533116105
480,-0.06247785104036853,0.0779465324445555
481,-0.06666446868906635,0.0854393020720603
482,-0.07256761906256956,0.09726238065537675
483,-0.07830830263022108,0.10817266249280562
484,-0.08374162131027803,0.12187856583561285
485,-0.08942479973856343,0.12943979007192769
486,-0.09534333346107726,0.13488559206505507
487,-0.10154474904477637,0.13845728272068833
488,-0.10870635289429689,0.16015340420576396
489,-0.11370894592968486,0.1601718578513242
490,-0.1178306177228162,0.1581580072339323
491,-0.1207291704443571,0.15410875838917648
492,-0.12060436522178189,0.1524359051543047
493,-0.12072777950282976,0.14626916546212304
494,-0.11983471058532778,0.1360299188545351
495,-0.11777910115968791,0.12363440121358804
496,-0.11191042450704039,0.1133249669753207
497,-0.1078837786266684,0.09711326740440869
498,-0.10274929194151286,0.07906191269943798
499,-0.09682504804200465,0.06072959043380345
500,-0.08596008337857612,0.044567471314810474
501,-0.0788154003213157,0.02602767317610666
502,-0.07143517201532977,0.007837962919551734
503,-0.06402578784995769,-0.00957703953075048
504,-0.05157330132570806,-0.023576502497946385
505,-0.04516570821985841,-0.03816159346664846
506,-0.03924141635625614,-0.051833408615121875
507,-0.03409102089600896,-0.06424330370306269
508,-0.024976932851322742,-0.07386080638865174
509,-0.021714034690380427,-0.08222620363669396
510,-0.01877503387786105,-0.08896570448821309
511,-0.016117079925242195,-0.0937486843050456
512,-0.010174764763557054,-0.09522035224944564
513,-0.00800372434968677,-0.09563553402437056
514,-0.006041835620983774,-0.09432319518964635
515,-0.004499628332681541,-0.09144829633424822
516,-0.0008039706243381031,-0.08586921613726645
517,-3.725544065986963e-05,-0.07964955838524353
518,0.0002549412537517018,-0.07177369088809206
519,9.26908392835657e-06,-0.062349024485382445
520,0.00045548005070832065,-0.04976156330750388
521,-0.0005209494297729114,-0.037356868954833825
522,-0.0018646632646995218,-0.02391086869351397
523,-0.0036651810749880956,0.0009969138197280097
524,-0.006083966805218229,0.017182837779181427
525,-0.011172796269301684,0.033493715763231846
526,-0.014739602367546012,0.04629379501391408
527,-0.019067689161342456,0.058998558545711885
528,-0.024528816997248532,0.07426563916258871
529,-0.029868329882624257,0.086647194715546
530,-0.03535007655695986,0.09860308441348575
531,-0.04095401226537187,0.10998207727374931
532,-0.046718340897942696,0.12353933909523399
533,-0.051714088109231705,0.132450232855004
534,-0.05691670021506924,0.1401967407572098
535,-0.06230027639308745,0.14591600625462517
536,-0.06747791383841037,0.15418917817701877
537,-0.07264994086961199,0.15611203748724506
538,-0.07746309692613763,0.15632967646996015
539,-0.08166253286178365,0.15486166258232018
540,-0.08581670311606801,0.15760327569327415
541,-0.08771241790478446,0.1536708331569897
542,-0.08841023335205939,0.1478430269661245
543,-0.08789391556571682,0.14013409644039096
544,-0.08335010225270992,0.13634636593169042
545,-0.08053120436252088,0.1250956650768681
546,-0.07665071488645583,0.112270822288312
547,-0.07160001718723319,0.09769755365977337
548,-0.06236579843638726,0.08877475155828723
549,-0.05588554757250103,0.07391051686098851
550,-0.048968277188152276,0.05922269283730581
551,-0.041878864040415936,0.04493302136837331
552,-0.03133683299282655,0.03615383634293029
553,-0.024529816885961744,0.023541171930676424
554,-0.01827428792567865,0.012090016897810599
555,-0.012813556021818336,0.0021192635067072974
556,-0.003493962668226571,-0.0029494320541585822
557,0.0006276035582925693,-0.010821174951959708
558,0.0038677834258805527,-0.01705121189554136
559,0.006272069698640026,-0.021206780300203273
560,0.011174768420814971,-0.019326051098455685
561,0.012832902288050185,-0.020199322817543622
562,0.014197056735924928,-0.01942678605747475
563,0.015381148746844066,-0.017269585515161293
564,0.018312799250607897,-0.006614697280456133
565,0.018791160169619004,-0.001998987248567452
566,0.018943799090637436,0.0038881497971832435
567,0.017241593998618698,0.0126730394698987
568,0.018986325725618522,0.03285880145659052
569,0.017894014555463966,0.04288538454879467
570,0.016440229302775652,0.05402312116988312
571,0.014656463163062738,0.06608159206728967
572,0.01577150848722208,0.0886687592531303
573,0.012960501493196094,0.10151721372657323
574,0.00958392275985654,0.11448187683623638
575,0.005603483999396558,0.12747252076130927
576,0.004766216820880551,0.1474384118879835
577,-0.0005917221646148073,0.16015382664660452
578,-0.006328917875448453,0.17258658807224367
579,-0.012248996403606282,0.184633440205275
580,-0.014680944686515105,0.20060431858373395
581,-0.02068958369339989,0.2113500625250166
582,-0.0261487864674591,0.2203035803578835
583,-0.03188070575803986,0.22803664769447468
584,-0.032075253757649635,0.23748847855115762
585,-0.03828498510304409,0.24137534167067176
586,-0.04393236501532224,0.24314906649933793
587,-0.04916477961651117,0.24313670786414532
588,-0.04615869447484,0.24463079620844652
589,-0.049632972351273126,0.24122227814222585
590,-0.05198561905578132,0.2360417227647631
591,-0.053183939597118285,0.22900086159898492
592,-0.04491446081457742,0.2218746146681873
593,-0.04378690830052166,0.21130339598874306
594,-0.04158295891812362,0.19908517136941983
595,-0.038388674931728484,0.18532444688086436
596,-0.027354682553075403,0.16961614665057861
597,-0.02216737287340164,0.1540455829826093
598,-0.016100990926099658,0.13830912070616752
599,-0.009261335806154323,0.12228324970443794
600,0.0028460541492814732,0.10385812975384925
601,0.010036545871974407,0.08947853083348722
602,0.0169221795111034,0.07644570227630881
603,0.023626808728187093,0.06417772596108486
604,0.03181137734515974,0.05111362386259073
605,0.037406065907261365,0.04100239442638129
606,0.04220141882128206,0.032167297684194296
607,0.046151521003486504,0.025005118438496482
608,0.04694970138560406,0.02157564073040301
609,0.05001145511175559,0.018180731157445534
610,0.05289623716756439,0.01653877633351833
611,0.055472407023670456,0.016699777329173757
612,0.052027793818076165,0.02309519791366131
613,0.05409321169552217,0.02593894793720103
614,0.05578700982891183,0.029951220539294637
615,0.057175616094924955,0.03518769407533591
616,0.05122698858291074,0.04856235508561557
617,0.05170522595497852,0.056192004792819036
618,0.051659888757978674,0.06504927920071205
619,0.051194457810160125,0.0751070796438441
620,0.04895087746690866,0.08699612273772568
621,0.04763189542297685,0.09857443988424908
622,0.04574181302023656,0.110437084375969
623,0.04328567447778645,0.12246875117114589
624,0.04190832574642541,0.12525978022514545
625,0.038101534225756586,0.1373223835922159
626,0.03357576460496679,0.14937188907288151
627,0.028561750765583985,0.16134508854624222
628,0.026374595176275814,0.1538174916833091
629,0.02105907210513822,0.1649728178888781
630,0.015726649138024837,0.17546039067189065
631,0.010876140650420816,0.18449307846256438
632,0.011950971342113481,0.1666107345007803
633,0.006973035468472673,0.17286753479465125
634,0.0018637480600342676,0.1772217202835281
635,-0.0034265550452647446,0.17997356415955246
636,0.0014150534157966674,0.1484192165857948
637,-0.0029411512458641237,0.14783798328500378
638,-0.006512898911514995,0.14576113024746085
639,-0.00903945589101544,0.1421440082170864
640,0.002113768473135408,0.09939394611826455
641,0.0017877172049103746,0.09229663483509798
642,0.002594383962900182,0.083463215060646
643,0.009922661919283569,0.07494987151459491
644,0.013226994716786143,0.03503203756278953
645,0.01704862568715243,0.021379405297650173
646,0.021717836806698226,0.007000508048221507
647,0.027187415536765583,-0.0075331134800902455
648,0.023793763593660706,-0.037727920245025776
649,0.03027769535053672,-0.052000086713590216
650,0.03662952645510236,-0.0652186809725921
651,0.0426859553669315,-0.07718293294563627
652,0.03428840332666331,-0.09427475986579588
653,0.03940183152108214,-0.10432078928209221
654,0.043758817882078097,-0.11318509153131395
655,0.04730554473741331,-0.1208250560458686
656,0.03502631151020067,-0.12201332513282565
657,0.03682782798543234,-0.12620508552150206
658,0.038262411664094526,-0.12878788455284262
659,0.03937232082924215,-0.12954974453487822
660,0.028870784110115524,-0.11449080366876971
661,0.02986424414680188,-0.11210224028758446
662,0.030725483486113488,-0.1084662122065642
663,0.03129430034542458,-0.10371633059524885
664,0.02073429626433069,-0.07718977578371479
665,0.02073694464445877,-0.07018647438480755
666,0.020343818188785556,-0.062084057050756765
667,0.019522533419592654,-0.052960978108454286
668,0.0007599760227415125,-0.026350347584436648
669,-0.0006441867528402673,-0.015227803324742453
670,-0.002320495968752237,-0.0040832839481377975
671,-0.004674234652354635,0.008779257799898316
672,-0.031211815886813057,0.031757004280996114
673,-0.034637403986127524,0.04409507148872941
674,-0.03870794760172411,0.05643911185810178
675,-0.04348110259453368,0.06869802703151597
676,-0.07319798214558337,0.08915003855685014
677,-0.07868363634285744,0.10090943949852833
678,-0.08418393762196089,0.11219083232692426
679,-0.08958574042824348,0.12281557459026163
680,-0.10703027568196014,0.13795911363076657
681,-0.11210086276141767,0.14613160032217776
682,-0.11726239223906015,0.15243026405688936
683,-0.12255471576498331,0.15677273448739432
684,-0.13209227928692277,0.1615736486733982
685,-0.13740085116869552,0.16231955704523646
686,-0.14196029053686732,0.16130381536679805
687,-0.14722330117701354,0.17430084706875912
688,-0.14997238654072398,0.17209506022403476
689,-0.1512319141989871,0.16612448970626767
690,-0.15139954043427178,0.15809242054481232
691,-0.1504839464540075,0.14808791508343958
692,-0.14556217025466425,0.1381175481939786
693,-0.14270078237619924,0.12467604826068014
694,-0.13898022628163195,0.10980126621382505
695,-0.1343355445278738,0.09390914763905044
696,-0.12333594817411316,0.07876049674171856
697,-0.11714756871421356,0.062194916660824315
698,-0.1105568899780543,0.04570824517315341
699,-0.10379563478281409,0.029576493773725617
700,-0.09124301713403296,0.014942913945892887
701,-0.08483171311065793,0.0036034245703453482
702,-0.07887499368389372,-0.010149293139173808
703,-0.07359127937181803,-0.022729725736774807
704,-0.06430180318473923,-0.032983299090635486
705,-0.0605646164924032,-0.04280506576456968
706,-0.05768922596600538,-0.05040244361378162
707,-0.0550690379366717,-0.05654056131094098
708,-0.04932561822513182,-0.059052899437097
709,-0.0471019940386414,-0.061425205193980786
710,-0.044749934249723455,-0.06216540832813479
711,-0.04262413323784913,-0.061400193059886865
712,-0.038150838271633514,-0.05920006407556733
713,-0.03663445163653396,-0.05577176733039679
714,-0.035392717904316105,-0.05093498998639047
715,-0.03453068572701356,-0.04470154496023869
716,-0.03291998077761413,-0.038969648525283035
717,-0.03271607757837424,-0.02159351927641598
718,-0.033051926012199,-0.010970256280622731
719,-0.033775470843245364,-0.00017017336917519998
720,-0.03664274723156658,0.008723245926799857
721,-0.03861384151009035,0.02167194919380591
722,-0.041092440969131165,0.03412527059167408
723,-0.044238084872055904,0.0466935935899383
724,-0.05011542284849792,0.056919409655213034
725,-0.05462318214609456,0.06987158493445439
726,-0.059505133793637685,0.0827933886373958
727,-0.0643814322002135,0.08767840456170356
728,-0.06916598552917322,0.09901716786705694
729,-0.07362536356844272,0.10984949092678814
730,-0.07814365445956337,0.12028452253441144
731,-0.08245603730172729,0.12925322793487845
732,-0.08804267816324549,0.14111686120498437
733,-0.09239391427786764,0.1464695750760528
734,-0.09667086252903143,0.15013737305618555
735,-0.10102737179936482,0.15227843614413752
736,-0.10466398612668174,0.16041523847500255
737,-0.10757658546687662,0.15929224078463572
738,-0.10940335097846414,0.15645769119008143
739,-0.11013589560775282,0.1517067763838873
740,-0.10480963000430568,0.15118038289496505
741,-0.10348794023988067,0.14245811192936242
742,-0.10123076789248789,0.13196997762732984
743,-0.09810846616480662,0.11989347343170624
744,-0.08614343982108953,0.11069510744813554
745,-0.08132816098684963,0.09585672549099138
746,-0.07615373930667735,0.08157892168417508
747,-0.07054695620607825,0.06741825786250887
748,-0.05686847312072172,0.0550345325012771
749,-0.05115894148280218,0.04154973036839468
750,-0.04568753202389394,0.028758462479067777
751,-0.04070725231507705,0.016845332893310097
752,-0.030691124825332844,0.004183130966480528
753,-0.02002738616700466,-0.010884470092755352
754,-0.018168799379231014,-0.019937667979792448
755,-0.017169917028305393,-0.027359721010344062
756,-0.010416514357728668,-0.039052466363210095
757,-0.010685629729113813,-0.042680462755434675
758,-0.011212684479682392,-0.04437129127629355
759,-0.011773535977709929,-0.04438861879277907
760,-0.0070526835958137635,-0.05038878384436092
761,-0.006402244450249034,-0.039171991308408025
762,-0.006072272188808472,-0.03524457360436131
763,-0.005994370260505193,-0.030161043087366016
764,-0.003199137403967288,-0.03145042340128827
765,-0.003723429653968102,-0.02394874609412695
766,-0.00459236614140817,-0.015348042823755723
767,-0.005733884621223782,-0.006286687745541676
768,-0.006258443280568314,-0.003257372024948857
769,-0.008128367410362929,0.008120110237965376
770,-0.010437648833604474,0.019988777775406672
771,-0.01326628259713257,0.03216425614093919
772,-0.018076653318019234,0.0386817603043974
773,-0.022348910687618566,0.052113536415258885
774,-0.02698581714769367,0.06498202179296428
775,-0.03206457132446901,0.07779802795449817
776,-0.04043016892675277,0.08755672588762678
777,-0.045298529512358174,0.09897384197790053
778,-0.05037486368389751,0.11028916267321226
779,-0.05521951448038191,0.12061092589217173
780,-0.06408636033716156,0.12993913427047213
781,-0.06865159735536107,0.13719730285467457
782,-0.07320666266903919,0.14260879865367476
783,-0.07764816058799719,0.14620155062396278
784,-0.08515178512389197,0.15112930290014404
785,-0.08923780266651893,0.15145182688087844
786,-0.09216552217495909,0.15015365942068412
787,-0.09419958983143814,0.14715799483648187
788,-0.09376953848521866,0.15594853240629464
789,-0.0924581765270769,0.14885225548442887
790,-0.09025134216255565,0.13978438016841693
791,-0.08723120986473415,0.12893046571264388
792,-0.08281250989367023,0.12162914277674283
793,-0.07857582844386353,0.10861884397041216
794,-0.07346617613646005,0.0938346098574904
795,-0.06781603455064374,0.07838680006407615
796,-0.05724803336732376,0.06691397354168602
797,-0.051004817328696446,0.051071118884011335
798,-0.04478292905725422,0.03540239731203073
799,-0.038799670045053976,0.020181095531086362
800,-0.02653233388072441,0.010810328230255274
801,-0.021660668743351718,-0.002734700036878819
802,-0.017589646757393343,-0.015190063013656538
803,-0.014409741470096084,-0.026481953631681876
804,-0.003927046617076331,-0.030822923051894546
805,-0.00228533642320998,-0.03902514820536408
806,-0.0011391348160168235,-0.04532317540130221
807,-0.00020005235192849247,-0.04979231675280306
808,0.009635290498325053,-0.0493659391501388
809,0.010633531170913472,-0.05060336508522548
810,0.011637938979722234,-0.05047955835517179
811,0.01248646415384546,-0.04913851963921301
812,0.02194544020036495,-0.04796378646736879
813,0.02230261650637158,-0.044160187361906494
814,0.02243620186953956,-0.03902655020214538
815,0.022320827946224697,-0.03259522213346577
816,0.028145200163347026,-0.03130584316413207
817,0.031621416263863625,-0.016053681698691216
818,0.03132413154743822,-0.0069313644226795396
819,0.030517624797038075,0.002844842429535463
820,0.029712637479819046,0.0038408247825107156
821,0.0277494296322624,0.014515709884693383
822,0.025152065076030766,0.025572286738370864
823,0.021883370127442507,0.03699107132673541
824,0.013818498997007628,0.04554882877764046
825,0.009551534860390735,0.05749580384377632
826,0.005168926742315966,0.06925264757013799
827,0.0008364270734291124,0.08042049292150195
828,-0.01021531091970072,0.09558698128490936
829,-0.014308062782304311,0.10506613794283647
830,-0.018216887646079108,0.11338076748130133
831,-0.022013409135557226,0.12019079421961557
832,-0.03266957794613014,0.1353765829991703
833,-0.03637896127690454,0.13907537329614478
834,-0.043154064240822174,0.14900755585534953
835,-0.0456799827030802,0.15031381312732428
836,-0.0507218570891408,0.1629363891615584
837,-0.051657940376434786,0.16122497211840706
838,-0.05156126415454058,0.1578068049148581
839,-0.0505356040837154,0.15253747309665994
840,-0.04547071605080189,0.1564323942785352
841,-0.04289721736843437,0.14757121597298298
842,-0.03960093651878945,0.13719805075809333
843,-0.03566043389412114,0.12559188372128077
844,-0.02019065711525828,0.12200524794030126
845,-0.015353476180870991,0.10922213038977988
846,-0.01028676266080928,0.09641770759540624
847,-0.00520765779585583,0.0837322785705512
848,0.017335125483254537,0.07365789252599209
849,0.022468852001937156,0.0634104064054848
850,0.02638459375562382,0.052006875795732675
851,0.02956988031055397,0.041477285458449586
852,0.05148749341355789,0.02579473338646473
853,0.05302888562429485,0.017936199315560314
854,0.05396770565875639,0.010859873233559261
855,0.05423478651432302,0.005174837901982268
856,0.07093656652658167,-0.010631977556461322
857,0.07024995261576439,-0.013100712765257275
858,0.06947443588134895,-0.014142964290832324
859,0.06878631682565658,-0.013915941436146079
860,0.07256995438677469,-0.02833709676691918
861,0.07202957228448405,-0.025892930919975708
862,0.07132453450906687,-0.02244548283813095
863,0.07035927346716428,-0.017967916575361807
864,0.05963272679111441,-0.02839987131988833
865,0.058196102866368116,-0.021729361174675
866,0.056540031449983146,-0.014055787207252382
867,0.054689652409132664,-0.0054458699296164245
868,0.035477174642398766,-0.0070804283017011985
869,0.03314474815423995,0.0030785099771319033
870,0.03039432337667245,0.013752877654328675
871,0.027133166152054286,0.024876622952360174
872,0.0011874651728941699,0.03559898953106048
873,-0.0030558952784107245,0.04753840712965921
874,-0.007605795979441657,0.05968247233299768
875,-0.012202805676876073,0.07179584454254684
876,-0.038892994320258896,0.0915173068237229
877,-0.04296070009193649,0.10267311302125012
878,-0.04674555849915356,0.1130036521773777
879,-0.05025751332730331,0.12233376829923714
880,-0.07130344521388435,0.14547109633898844
881,-0.07439298860313871,0.1519698069620091
882,-0.07731308481107865,0.15688327493260887
883,-0.0799588012637974,0.16029935786629904
884,-0.09076686740190858,0.1803546521997626
885,-0.09244952408593686,0.18090170236697273
886,-0.09332239143614715,0.17994318163371786
887,-0.09327022536276287,0.17738803505435802
888,-0.08966220382969368,0.18875135624487785
889,-0.08794160629883395,0.18281405120230826
890,-0.08550173481653432,0.1752680713359182
891,-0.08237913735400362,0.1662818661696792
892,-0.0677844411563623,0.16578049836045616
893,-0.06342526361341566,0.15446066869189173
894,-0.05854099867036528,0.14233340916341036
895,-0.05324355240717246,0.1296538056767213
896,-0.03192073492052823,0.1191718039011041
897,-0.026366244086445834,0.10594617527685396
898,-0.020983638157329176,0.09274993732816714
899,-0.015924979762881777,0.07984376783675427
900,0.005397352394452659,0.06283362022668593
901,0.009374537306078599,0.051190665507626826
902,0.012678357600020156,0.04045178543621252
903,0.021841168148133885,0.021618927275165192
904,0.03673784909711504,0.0009859624447596665
905,0.03710749846966478,-0.0072388922060545036
906,0.037060048220254174,-0.013800669876168944
907,0.036818946724602106,-0.018736906483975996
908,0.04548430900312014,-0.03621720625800305
909,0.04528748330008305,-0.03834260543609276
910,0.045082891618842026,-0.03923110764397407
911,0.04473263925019423,-0.03894066975385142
912,0.0463425937767416,-0.05118703905022329
913,0.045573576363896195,-0.04845917299261489
914,0.04467604679147325,-0.04446516808962281
915,0.04365410865762303,-0.03923115989208474
916,0.03805635467685628,-0.04284004968446731
917,0.0367098071978431,-0.03523919354639882
918,0.035113010903311904,-0.026640843500684977
919,0.033157486332805686,-0.01724928201332769
920,0.021367662786640308,-0.012015251307258355
921,0.018529918740543324,-0.0012983991290807378
922,0.015304582047919613,0.01004396443639883
923,0.011776936828474728,0.02191645098306059
924,-0.0029769436619800716,0.03486991148530705
925,-0.006634864931336559,0.04740151777860516
926,-0.01008983086900608,0.059804691114204514
927,-0.013222243794689455,0.07162595109263697
928,-0.025514333565127896,0.09077444571684234
929,-0.02802037206556832,0.10096023203555851
930,-0.030230471285535066,0.11022108556034645
931,-0.03216003112460483,0.11826837798407788
932,-0.038947882797539135,0.13726362333317402
933,-0.040363458395421395,0.14242294912619263
934,-0.04068532080359263,0.1376256695423776
935,-0.04191991410141437,0.14051818976402647
936,-0.042425298639668305,0.156372975377809
937,-0.042500210460074975,0.15649844563193752
938,-0.041731588204893616,0.15510195312030217
939,-0.040168447518366276,0.15205014952515705
940,-0.03189019465304242,0.1595495877224875
941,-0.029122209257698456,0.15322510165872721
942,-0.021946622229491355,0.15168297701350775
943,-0.018286697506124213,0.14162416270050493
944,-0.0045672710954854975,0.1361560375700756
945,-0.0005685392004021045,0.12437140569269237
946,0.0034504421050853325,0.11224729498057015
947,0.007330781198685923,0.099991672049784
948,0.022735416334705907,0.08636432703966637
949,0.025702057612629135,0.07430235344120827
950,0.028017789071682807,0.06262943431065163
951,0.02959691751235132,0.05155425742850956
952,0.041268689383902664,0.035066890282305224
953,0.04129616195235888,0.025988246943874332
954,0.04069703489521533,0.018156052553901403
955,0.039594803969263896,0.011548694572330043
956,0.046137898756508006,-0.006739124106550171
957,0.04431429048125787,-0.010702134732432145
958,0.04230550083157675,-0.013266820888544723
959,0.0402856308540216,-0.014589695277004433
960,0.04172196372493347,-0.033758254391331365
961,0.03994399193689704,-0.032900439366973476
962,0.03821026714445665,-0.030972510064033697
963,0.03640700753565398,-0.02799488656532386
964,0.032181935839953185,-0.04483312572247296
965,0.03023440764665812,-0.03967361501129295
966,0.02827511112342664,-0.033401403563668136
967,0.026261332546017264,-0.02609467947617837
968,0.015974283787684562,-0.033256057108276754
969,0.013689606447375461,-0.024039222795258414
970,0.011174590202277958,-0.013975408603511527
971,0.008353655340091056,-0.0031848393656614404
972,-0.006061794068037364,0.0015818394449260247
973,-0.009341435444841673,0.01358666803894897
974,-0.012593907728442613,0.02598878150294228
975,-0.01564723376445486,0.038520453638136734
976,-0.027873561137375907,0.05213115238172315
977,-0.03013816660192492,0.0639655894925307
978,-0.031976537211543046,0.07506261470978501
979,-0.033467678357224306,0.08529213358118853
980,-0.04005835673394823,0.10008711011847254
981,-0.04096264306664117,0.10813995535462013
982,-0.041555497186597304,0.11477501500840116
983,-0.04183218063131322,0.1198820356972871
984,-0.040610469617686544,0.13068690713894718
985,-0.040214377196483825,0.13268025189943722
986,-0.039414317692360784,0.13309531905513658
987,-0.038099055433045634,0.13191949315629492
988,-0.029146684954999516,0.135409095215794
989,-0.02364693400897501,0.13356192047456597
990,-0.021042245532391937,0.1269937916065506
991,-0.018103365153291424,0.11894080044941369
992,-0.003965205789506172,0.11038445591075757
993,-0.00042830182105927685,0.09984274084716449
994,0.0032974451050978293,0.08826815087831735
995,0.007144650295158187,0.07581947037244247
996,0.023035981982846097,0.05667644117728103
997,0.02678128218248908,0.043071169650420946
998,0.03025721284415838,0.029242429582388124
999,0.033362299402647115,0.015455784256447117
1000,0.047556878763029255,-0.00857106754125557
1001,0.04975651464339386,-0.02155942077650623
1002,0.04584486941962383,-0.03831485850444095
1003,0.04673395943184108,-0.048527300721749766
1004,0.05279845504800758,-0.06903454070335702
1005,0.05285525334136569,-0.07709460204931612
1006,0.05264853293665314,-0.08401757339917094
1007,0.05228706290161614,-0.0896443721730222
1008,0.049730940159029596,-0.10230127333209785
1009,0.0492837299594905,-0.10527495193529747
1010,0.048927070723551805,-0.10708310556913668
1011,0.04866310316953678,-0.10777556169192605
1012,0.039350030019328366,-0.11026461414331552
1013,0.039041662490368195,-0.10873758923381267
1014,0.03867979627968125,-0.10608584107798481
1015,0.03830960373430803,-0.10230661873948758
1016,0.021971201552439715,-0.09509573513076612
1017,0.021527654161413036,-0.08912658598092378
1018,0.02093200065187332,-0.08210091139896725
1019,0.02011487118393533,-0.07407506407746313
1020,-0.0009249536956135451,-0.05747082562402879
1021,-0.002410262262834798,-0.04776004042068248
1022,-0.004229719713420473,-0.037317065381775656
1023,-0.006282556527531028,-0.02621264007402184
1024,-0.02971750893652293,-0.0021106020077379314
1025,-0.03192452379343078,0.009846717251692555
1026,-0.03404770392338133,0.02195003917319016
1027,-0.035964977960091855,0.03392461665207303
1028,-0.04996777837416079,0.056284755172940515
1029,-0.051317136790050996,0.0670060011097843
1030,-0.05239464239702972,0.07686741704397665
1031,-0.05321528401338244,0.08583572295798136
1032,-0.05498777093846005,0.09539460494433444
1033,-0.05535061651544031,0.10209328099977409
1034,-0.055494279805022376,0.10739001663200197
1035,-0.05547968371598995,0.1113135163234606
1036,-0.051550459684190655,0.1085283831890573
1037,-0.05120076450281604,0.10983509794617044
1038,-0.05052353473577464,0.1097807083240489
1039,-0.049407143605558514,0.1083221950099017
1040,-0.04278464639149505,0.1011740704194156
1041,-0.04091991585724587,0.09679078153150222
1042,-0.03885598068850479,0.09100202625668385
1043,-0.03663757326112992,0.08393299604961611
1044,-0.026956083144933876,0.07325865248404498
1045,-0.024485604234429276,0.064080745742741
1046,-0.021976399877761232,0.054185218653154496
1047,-0.019472808576325218,0.043845005611037935
1048,-0.007600617510465639,0.031396598391823495
1049,-0.005352573531973921,0.020761559961995052
1050,-0.0034361114856732433,0.010177010094263958
1051,-0.0019466043900905339,-0.00018763791808915423
1052,0.011969734737501491,-0.013460845601588004
1053,0.008855515547494223,-0.02149339080957505
1054,0.009014776732670251,-0.029976608315661724
1055,0.008833912233524211,-0.037490303682941956
1056,0.02356378135051901,-0.04857290674029879
1057,0.02285148008974887,-0.05399381120396939
1058,0.021908595265427683,-0.058389982482947786
1059,0.020798209597478717,-0.06171133788617085
1060,0.03411771195574892,-0.07012455302098133
1061,0.03287939851852366,-0.0712724678440392
1062,0.03173383222390882,-0.0714415124922637
1063,0.03073534764078449,-0.07063767151332691
1064,0.03856483288338114,-0.07789774017006826
1065,0.03725942103340268,-0.07523057219630037
1066,0.03590593492367347,-0.07155464101843498
1067,0.034496020349002426,-0.06682252415044482
1068,0.03545033530523529,-0.06653586217252078
1069,0.033855861502717605,-0.05968790477847848
1070,0.0320740633145199,-0.0518407319780746
1071,0.030080182908521318,-0.04303403692582554
1072,0.025302881931665282,-0.03571990776151085
1073,0.022930319004914306,-0.02533897788385785
1074,0.02043730735093993,-0.014420242486027024
1075,0.01795929624943148,-0.0031238293837727773
1076,0.009025195174382925,0.010975852363966039
1077,0.007000165675970234,0.02233822243784426
1078,0.005298147006375587,0.0332907504472547
1079,0.003953917273491068,0.043577166552307894
1080,-0.00561262900588709,0.06022920315929843
1081,-0.00628387057136106,0.06872797002586452
1082,-0.0066570152879549364,0.07616552036089946
1083,-0.006721017626935416,0.08239955837826755
1084,-0.015160768368778905,0.09863480125903361
1085,-0.014577490583013698,0.10203267882723106
1086,-0.013760988906392928,0.10397027008929896
1087,-0.012761542169524381,0.10448626170461928
1088,-0.018874055938228867,0.11579428989423637
1089,-0.01749791241608663,0.11355749843844334
1090,-0.015871589813048235,0.10996971197666111
1091,-0.013985449792650758,0.10504356416094016
1092,-0.0157921052164879,0.1110762226503287
1093,-0.013392618026611102,0.10357323713985556
1094,-0.010754855206286698,0.09490567337846567
1095,-0.007925215717197167,0.0851711306286311
1096,-0.0059121879086836545,0.08381576859042741
1097,-0.002877762193942444,0.072260043874109
1098,-0.0057690463935851505,0.056856200099193836
1099,-0.0033916117110160634,0.04434675537583515
1100,-0.0007611145715716694,0.036547677949661767
1101,0.0015087485873692612,0.023332865371340095
1102,0.0034932210048652184,0.011189508989573022
1103,0.005316049538297424,-0.00034740848592678536
1104,0.007037076709755822,-0.010252121195322775
1105,0.008317976069645783,-0.020065799327560717
1106,0.009313631549307309,-0.02883834412372544
1107,0.01003126493219614,-0.03655173072449857
1108,0.009990152978827905,-0.045240724241696034
1109,0.010250692267459857,-0.05059977410704408
1110,0.010368048380204737,-0.054572752903707306
1111,0.010437998326859316,-0.05709403415586273
1112,0.009092258767052748,-0.06349334065717877
1113,0.009251196237125576,-0.06385521558863555
1114,0.009435935833781705,-0.06304300432656804
1115,0.009554927319419473,-0.06107173737840608
1116,0.006936353510877102,-0.06449343943480494
1117,0.007529595778136089,-0.06300643498257136
1118,0.006766593840981454,-0.05787543363915244
1119,0.005832610936329965,-0.0515278449683758
1120,-0.0003473059603923065,-0.05030088564641677
1121,-0.0017839542000032665,-0.041624576884170844
1122,-0.003504387516557716,-0.0319051380143698
1123,-0.005553257924693525,-0.021263557583003464
1124,-0.014173538084945196,-0.014834551366679834
1125,-0.016701282567431086,-0.00272041635002343
1126,-0.01926909670909513,0.009894078669174753
1127,-0.021784015315124184,0.022786915883329383
1128,-0.03030475797738126,0.03367385624698423
1129,-0.03226916766203562,0.04640301183748233
1130,-0.03387643069291547,0.058517868306225865
1131,-0.035113443133032746,0.06974554908181055
1132,-0.04075485219809823,0.07938227540286782
1133,-0.04138411574396257,0.08812389885060251
1134,-0.041819113779075524,0.09630295501846539
1135,-0.04199233786469463,0.10318750282632946
1136,-0.042884972938966676,0.10909932945310266
1137,-0.04260433299893708,0.11313094986141875
1138,-0.04217208190686749,0.11582374582709908
1139,-0.04154959916764609,0.11717237205582523
1140,-0.03699996573116027,0.11576420430710788
1141,-0.03577252092198175,0.11416283847493638
1142,-0.03422209291798049,0.1109753568629052
1143,-0.03243288538469848,0.10618694266334752
1144,-0.0239181260510185,0.09564342400261473
1145,-0.021793405476885127,0.08786678168496086
1146,-0.019497136652522822,0.07879026286727886
1147,-0.017050077840534795,0.06861902662951118
1148,-0.008806400018950592,0.05037286984142429
1149,-0.006230624619265008,0.03875560578421024
1150,-0.0036938265869934494,0.026805385258529754
1151,-0.001293449694575101,0.014715246493992643
1152,0.004892425380725677,-0.006330079350975119
1153,0.006528884631591004,-0.01818758727812163
1154,0.007709592203406532,-0.029629270974898564
1155,0.008372787333974643,-0.04047566018309911
1156,0.01032085615293348,-0.05457742841879706
1157,0.010761763194414358,-0.06292316637203672
1158,0.010759178874256784,-0.07013808594191913
1159,0.010373496912553916,-0.07630853466468467
1160,0.009723465883680806,-0.08812017240526175
1161,0.00877668580131536,-0.09221167388806802
1162,0.0076543785014837815,-0.09515823002830441
1163,0.0064819685116237966,-0.0970547598664743
1164,0.003024192808168201,-0.10176678243617776
1165,0.002033200644175833,-0.10160582577713281
1166,0.0010601986103635462,-0.10033128599534558
1167,-2.8454191852286467e-05,-0.09792665804893155
1168,0.0001208843687837656,-0.09087694534585783
1169,-0.0013197539639289435,-0.08650361503888676
1170,-0.0030744041494156424,-0.08087332578698381
1171,-0.005208856316957063,-0.07405913513716919
1172,-0.011854488816135022,-0.061429815261556775
1173,-0.01487377480233833,-0.05244598403493611
1174,-0.018286738455149214,-0.04252083803478064
1175,-0.02203436852076878,-0.03182743441659577
1176,-0.0287039421706538,-0.009727198857145378
1177,-0.029906103337743788,0.003568421689491584
1178,-0.03364541675165154,0.01389106055608014
1179,-0.03725661026656536,0.02435683455105821
1180,-0.04084348228578953,0.0487968419010045
1181,-0.043732722138546884,0.05821196915087677
1182,-0.04620455691750292,0.0668387889302098
1183,-0.04828948953308927,0.07460376081764755
1184,-0.045307929759320575,0.09857623432817389
1185,-0.04663763734903885,0.10441162236307866
1186,-0.04690796705045512,0.10420628874060786
1187,-0.048588567396565085,0.1073256680143112
1188,-0.041454923341448936,0.12666837517106985
1189,-0.0425325151332595,0.1276152566805726
1190,-0.0432789048057166,0.12745897279042626
1191,-0.043624047643946215,0.12618118531453018
